,x values,y values,x std. from fit,y std. from fit
0,5.148577118520261,5.233254898411048,0.03559671176877359,0.03559674071114238
1,4.204717028557002,4.996774328540582,0.05751031671785413,0.05748903429409106
2,4.445792360894526,5.961121443576683,0.05638101121664529,0.05640246703217604
3,5.606187265809325,6.049209501369838,0.05472194104256762,0.05475331035738663
4,3.6726088411587963,4.973048996664489,0.05254473198642557,0.052525213098098635
5,3.9815055666772574,5.015378095683333,0.05633702225454062,0.05630153622643442
6,5.009629710528935,5.941928022745367,0.05743786397965384,0.057472773598192486
7,4.363869428420371,6.055963836453116,0.05633902750037112,0.05636764673326643
8,5.423550453296399,5.738485565418167,0.055240632827527725,0.055254691288534996
9,5.467159942764389,5.781025179442345,0.060235027395046395,0.060253301909747925
10,4.1201039647449225,6.51642009786729,0.03637897389590819,0.036392488665752
11,5.009689402558976,6.200670555410124,0.057375743710839165,0.05744969432187416
12,4.976403062644123,6.196769893648131,0.059461972965580985,0.05953954882695708
13,5.014657517180222,5.886814604178426,0.05897703280052287,0.05899156025129485
14,4.9811539732353785,6.739006992072369,0.0353329062925542,0.035372106939074964
15,5.731448702010119,6.246707048169766,0.05317086288030295,0.05320174226774434
16,5.002968489549009,6.700863716688064,0.03892890014300585,0.038958774102940345
17,4.660106393508486,5.543374607444814,0.052041489394297515,0.05204308457078128
18,4.820963741284908,5.263458859198288,0.0376669833214555,0.037667051553614016
19,5.035187760989781,5.374221999836257,0.04217710253770694,0.04217756373035533
20,4.510358432007106,5.818893235454614,0.05797748158460541,0.05799871176437877
21,5.767023907786206,6.33687065651049,0.04503644233183378,0.04505582609785986
22,3.6967747475595347,4.995130908168189,0.05053231710009684,0.05049011768881519
23,4.224390553147306,6.300042733997256,0.05066368392492815,0.0506897799773585
24,4.203168110266002,4.983696804965553,0.05266451381989101,0.05265431562462528
25,5.652029586207342,6.17160827060974,0.05075572529989114,0.050768193017366896
26,3.9263567103959534,4.984029583620223,0.05850042198664597,0.05843539116395225
27,5.000598536364014,6.023390927105679,0.05860679423844415,0.05865537575620111
28,5.444603850608431,5.740119722239013,0.05742662059188338,0.05743826515568217
29,4.032732303062018,5.024942425196138,0.060076811868798874,0.06006655285654376
30,4.566291849754091,5.745829768737505,0.05499166894330393,0.054993991210291776
31,4.52098632522705,5.815485190754695,0.05733518802450522,0.05735573814275535
32,4.079426063453491,4.997425610741217,0.05725980413967146,0.057238604878795014
33,5.893055095714792,6.4987718699611055,0.03850728321654842,0.03851758393123363
34,4.742013578318941,5.475598663808353,0.0505912375241911,0.050591897574016914
35,4.079034814203022,5.008459757037731,0.05640210172129753,0.056376724970387
36,4.977239057049483,5.53813699169716,0.04882316614887155,0.048825114062538706
37,4.363979120378032,6.129253701131851,0.0530242910806118,0.05303270378718067
38,4.525788216544052,5.806135649149693,0.05544136724319974,0.05545390845945755
39,4.346815639693284,6.148089894246905,0.05208295528844937,0.05211529807616352
40,3.851029313886448,5.014227447697682,0.05750526234266327,0.05744108629740956
41,4.993227268649139,5.805814475230834,0.057464170390854864,0.05747047132659582
42,4.553548289279149,5.010527123985218,0.047906480353618136,0.047905310176267125
43,4.998039567690561,5.784448419428516,0.058145098289876046,0.058164118452127024
44,5.008547582943534,5.6570518490017,0.051027367133924174,0.051033577622442636
45,4.538209180441066,5.800811246641375,0.05868561403980687,0.05870289697202656
46,5.394116177902581,5.722750656761226,0.056708998747170544,0.05671770124860761
47,5.54256623819076,5.932747940196235,0.05514115359064644,0.05516758814487658
48,4.611640375225418,5.627861204901771,0.056871611145956624,0.056879647704872256
49,5.461087358131986,5.804831272618241,0.05731561933338062,0.05733234288520836
50,4.217647405723673,4.978298578493979,0.05032112522804105,0.05030723328396114
51,5.0056889011103065,5.8514388790412015,0.05741642666595451,0.05743382928226408
52,5.213793496240222,5.38465941086739,0.04572233735033251,0.045722948728394885
53,4.626405638968794,5.6664440994684595,0.056151784458889964,0.0561579159985085
54,5.000129584326188,6.380825848608666,0.05071996661853335,0.05077163508554457
55,4.319184461880596,4.996483352189911,0.05640371138144966,0.056393827731319
56,4.684932471079156,5.582383799495817,0.05369220049663963,0.053696680728028835
57,4.975962455541257,6.513848086948702,0.043950164065920026,0.043984445136449925
58,4.704253582873897,5.485035602990855,0.050755421302024394,0.05075575905803218
59,5.722865627414228,6.2644398096569205,0.05081232525013611,0.05084505207439317
60,5.658545106780414,6.1669872976441855,0.05222258610363642,0.05224028372935879
61,4.152648825401257,6.482787461748411,0.04025881423878723,0.04028061939454944
62,4.731694350347923,5.5115492213655015,0.05233585183702036,0.05233857416272121
63,3.6606456450550766,4.997904267081762,0.0494870877780018,0.04944475410249142
64,5.809479268363666,6.431907813874847,0.04367927189231439,0.04371170147178247
65,5.011246534179493,5.9104193685171404,0.058605650138961345,0.05864630337747268
66,5.867735166774503,6.515345148985306,0.03517242575130839,0.035193608979797834
67,5.001070539026689,5.846567002934636,0.054414937980472054,0.05443473997644243
68,4.622834110228232,5.649384035038161,0.05294525755324026,0.052947145605424774
69,5.0123441243560585,5.600696782216722,0.05381046247036352,0.05381449793199833
70,4.978289879514319,6.332208237837528,0.05456293069529334,0.05463280467802317
71,5.004271518672672,5.798711241331022,0.05496065109366277,0.05497815514826767
72,4.094384304740907,4.981385621067578,0.05818206421848016,0.058154343288253085
73,4.9970445192416495,5.495554449862498,0.04830111111598639,0.04830341482680069
74,4.0501008349447,4.997727760653218,0.057330345255391074,0.057292993252512386
75,3.902705870274689,4.98835928851106,0.06066789407433546,0.060591986853079434
76,4.589192404332678,5.710722093035143,0.05852542148327092,0.05854017482410148
77,4.118421317254966,6.543316002018562,0.03201238617324793,0.032025675362898895
78,4.212981433042781,6.3512423550728885,0.047728910738429234,0.047764851355332504
79,5.410252570951235,5.692971772225408,0.05585813423690225,0.05586093535442372
80,4.9987969327870925,6.282680539038902,0.053122078232484625,0.053142513456037536
81,5.00858354071436,5.7510420628106145,0.056857722714421834,0.0568760216786141
82,4.395060213972145,6.059742188262147,0.054656567429203676,0.05468437137154733
83,4.2977711407046195,6.169215227208732,0.051745556534432545,0.051763101309013085
84,5.611755423348438,6.106471580985286,0.05453241984538571,0.054550673652208226
85,4.729070967646781,5.007491419160113,0.03315828325934465,0.033158200679517885
86,4.9921602377029455,6.056691635860391,0.06014746926713102,0.06017552386352523
87,5.46839397921511,5.7840666390810735,0.05552228387214928,0.05552895338935089
88,4.992331081444341,5.427508122924325,0.05096597910275325,0.05096685145789536
89,4.622786888974313,5.65318771582364,0.054671443561667435,0.05468003613162144
90,5.01000863893017,5.358583255281742,0.042681886744196276,0.04268232370136396
91,4.245282813746543,6.2740817259736605,0.04489556683068431,0.044914733500592885
92,3.2298430305832277,4.9987964264070435,0.03074142433972866,0.030707820014777776
93,4.831808969673811,5.283393677462734,0.039527701631189086,0.039527756861872945
94,4.328778244436085,6.119948923686087,0.052830033809669656,0.05286270197355416
95,4.988489158038121,6.078379933945602,0.05883514416513565,0.05887951585984723
96,5.746755476835461,6.249639922369088,0.047560975194133506,0.047573122314867315
97,5.610940396585186,6.106831317208358,0.05287254509019418,0.052895874046306746
98,4.99086075109414,6.727002976813115,0.03477372830135405,0.03480482910276878
99,4.060335304201543,6.59756674963075,0.0313020677615768,0.03131767265889253
100,5.089555493053726,5.211044871402055,0.03598498694811899,0.03598501791605246
101,5.737195354476926,6.2722925811618655,0.04886846560108307,0.048900874062020816
102,4.566547237030502,5.739685205695023,0.051681217075535316,0.05168306391209367
103,5.026666160485246,6.124791689358102,0.058552031734472376,0.05863475209715403
104,5.452914024400904,5.7657609434846915,0.05725601524172116,0.057270286016905786
105,3.976739410115375,5.008369313807754,0.05490964774547222,0.054895796624215
106,4.129673605694589,6.512331699275679,0.038374195513992515,0.03838996390298661
107,4.779125771821233,5.401775332051316,0.04521960839642168,0.045220074811629735
108,5.473860503289351,5.81008702723581,0.0631047788906223,0.06312476090925875
109,4.712475433009737,5.447650922401265,0.048098894677481914,0.04809916644115726
110,4.995785283452137,6.389946294995387,0.0503654062271823,0.05041663016294476
111,5.01444319148684,5.889872213550551,0.05803960108464857,0.05806464948629655
112,4.458418034234919,5.921637191581381,0.05690987950610781,0.05692866586627538
113,5.587099813278119,6.049683548711037,0.05582126705390435,0.05583994746314396
114,5.394463487134733,5.63162172270437,0.054392631976017757,0.05439795669681248
115,5.666730712629131,6.1716845974283645,0.05294333232779552,0.05298036580470504
116,4.982060565580378,5.303431417667952,0.04076129772114492,0.04076140109957927
117,4.633520290864655,5.679223605138652,0.055582074844762915,0.05558757172319471
118,4.99328164524774,6.679414963947688,0.0405381391109408,0.04059448399642983
119,4.713077897438721,5.5163685533299,0.050749068062234996,0.050751857172742186
120,5.296218487483357,5.490034227604821,0.05123618103805883,0.05123748444476929
121,5.008837416716537,6.430250569676736,0.04941995485055032,0.049465712450507966
122,3.9865557083566836,4.9970759438520735,0.06181572399345411,0.06175194976610947
123,4.47806387669294,5.015212066978248,0.0520990534000749,0.052096949715853
124,5.183655222722194,5.323786803910954,0.044702405905312055,0.044702688611734986
125,4.498412116450933,5.878671775736287,0.05694631216193841,0.05697138823539597
126,3.945919896275232,5.0037391867499155,0.05753742404736374,0.05746709912750729
127,5.506194341301159,5.869775567181255,0.056868928189747044,0.056897140634638084
128,4.998615407030458,6.41229391333754,0.05185132329221425,0.05192501616841043
129,5.492427698565787,5.862152388924613,0.05973109004863352,0.0597513797382058
130,4.623762432027624,5.642519040395192,0.05255293986150001,0.05255766805104736
131,4.40836476634336,4.990615939976384,0.048334517326157025,0.0483308192685268
132,4.379645031360175,6.068987517545555,0.057512168604419836,0.05754914852019005
133,4.541945915811399,5.025954356972505,0.04466328792372979,0.04466234509478443
134,3.968497800966316,5.006553819560995,0.057134013226798355,0.057081000592260366
135,4.48983029678091,5.855063526681075,0.056502673234727616,0.056508297377981014
136,4.986086187353226,6.327306298034102,0.05518603399335059,0.05526016630999131
137,5.628556117806528,6.099947559152001,0.0545588465976509,0.05457855724123689
138,5.576231300436225,6.0115431374099035,0.05478301519985247,0.05480565717184407
139,4.13551067304736,6.498749403067011,0.038872254399483226,0.03889474163152349
140,3.8177636618282498,4.985865021046336,0.05533020740454203,0.05526136930232939
141,5.8629565432661135,6.462707873879874,0.039209601100287,0.03922759670923834
142,5.573502102873688,6.03816703099996,0.059048167237527364,0.059089783485103145
143,5.017398537152616,5.934635464927539,0.06282866085892365,0.06287224227106675
144,4.354298187144929,6.087137391944631,0.05563894655614502,0.05566466359192634
145,5.3675452237986105,5.66650138122386,0.05445289252066957,0.05446265012437375
146,3.7532904376365317,5.00703769525026,0.05533388263075678,0.05529536868285194
147,5.585578691451413,6.051618224494824,0.05706140566581672,0.05708858699710139
148,4.390631624160885,6.0782758724883905,0.05566700813263859,0.05571009856828018
149,4.205611604214717,6.379155341609157,0.0411966052327937,0.04121247249799604
150,4.611342310243657,5.709263213174621,0.053505408839954485,0.05351106075012382
151,5.018339454024386,6.304874584716948,0.05278974195270611,0.05286081430749138
152,5.4363998388390575,5.697812866933962,0.055730936160943365,0.055735390721652525
153,5.028204451388809,5.769860133847861,0.052846441938396466,0.05285469766925674
154,5.008904991886061,6.139828186843472,0.053328201996731266,0.05337602285746266
155,3.421033642892863,4.98662757234354,0.04130507179005968,0.04126251551201714
156,5.525669077999089,5.956136863125807,0.05424861327834847,0.05425817476894292
157,4.244756946233277,5.0085584882509515,0.05809765134986994,0.0580766948013269
158,4.990255500488506,5.868849055969201,0.05547893395112485,0.055500157740137564
159,4.99206445449833,6.065520734615885,0.056700904098790327,0.056708971502354114
160,5.393939973818132,5.72044018675133,0.05303502885191792,0.05304400797445492
161,3.2691478164486503,5.005651778642832,0.03471118047672848,0.03467527149703175
162,5.4332599751929065,5.744525930926063,0.05625794592698941,0.05626809454775039
163,5.398450652615068,5.677764222689602,0.05575586941275691,0.05576398955394931
164,5.509428505752453,5.883821575191913,0.0583150664352509,0.058336925829443706
165,5.016887705179697,6.382045501205564,0.05470427368940381,0.054760944426769376
166,4.122939700785834,6.50450681907556,0.039636240181057006,0.039658309503742974
167,5.008542164484985,6.106863534941092,0.05283264514608309,0.052857872344287564
168,4.311680203499594,6.237141005319189,0.05301096290828089,0.05305457141275605
169,5.441775239323495,5.77871146249489,0.05434702412718115,0.054354448268352104
170,4.546284627444216,4.99464427026906,0.05032540359654208,0.050323706374181064
171,5.022970140702491,5.563597689299735,0.050524353447608514,0.05052664877957058
172,5.443721343806428,5.763926318596754,0.05735600477089097,0.057372128826169835
173,5.866836828538632,6.486061427272818,0.03516550081790788,0.03518183215803218
174,5.385130438173488,5.690660039839073,0.05449410459475029,0.05450360366304162
175,5.009229767624589,5.542182461184411,0.045135112765604564,0.045137129531452706
176,4.216723265740265,4.992269896085014,0.05861861656158729,0.05861457199036736
177,3.498605251596368,4.998624162594858,0.04963755594271586,0.0495577453004691
178,5.014065541198489,6.367804811653753,0.050315974614177354,0.05038052693375292
179,5.443039896617573,5.796334257420075,0.05978396669571766,0.05978861140801044
180,5.75753308937228,6.292376763542754,0.044914881891737236,0.044929063709848005
181,3.819016330614144,5.006429902662251,0.05829605033868396,0.058217389729235514
182,4.231188103429541,6.313152811389417,0.04952378779695513,0.04954516533459733
183,4.985107504724272,5.38700163068386,0.043590228384444506,0.04359109339730359
184,5.508927586183424,5.873664177805711,0.05766426999150977,0.057685059627666554
185,4.009497407343772,4.9913040717217445,0.06099314206483512,0.0609402907320607
186,4.457321610574664,5.942558776785587,0.056356947417877064,0.056381429644128775
187,5.689190715642059,6.220850174866243,0.055342002160819054,0.055383864932109846
188,5.015734852667709,6.732871647257489,0.03827240414695539,0.03832273022239933
189,5.523085468538681,5.904719958293166,0.06080120906449099,0.06082889917435093
190,3.6741048543953605,5.000050669208708,0.05386478792131976,0.05380988368320296
191,4.496243764170634,5.861845475213278,0.053905119550257834,0.05391482926578499
192,3.693771489127708,4.999241511074288,0.05610923503852577,0.05603598292329672
193,5.556077197659308,5.956575381539233,0.05528555795375357,0.05529568718223726
194,3.6818279222013226,5.009441946852504,0.05529836808156333,0.05521982008670863
195,4.131811944689153,5.008336337400571,0.055859236400910756,0.05582495200634108
196,5.025137962094588,5.737621497811,0.05580701054402453,0.05582189379424988
197,4.995620550391995,5.435307673895275,0.04488240922910519,0.04488300619966562
198,4.561337408385296,5.7420803536491825,0.05502963957312267,0.05503991726140303
199,4.398377770800521,4.9780963054814995,0.05400773164348972,0.054001907984879374
200,5.5261634304656,5.899646629098578,0.05733352043830024,0.05735644736870643
201,4.048081320025355,5.0025116975199575,0.05596461474187399,0.05592456323546287
202,5.001487933028703,5.736750650573771,0.054188759075671784,0.05420171550241669
203,4.9780660464502064,6.168163539452739,0.056122805097995554,0.056182195741083414
204,5.307001575020906,5.531278809090309,0.04972988735195903,0.049731223316261
205,4.437050972478384,5.983409736859592,0.058483347476733935,0.058515743870292056
206,4.3085840729469425,6.223610637334245,0.05057110923651133,0.05059261013798273
207,4.6552557924369795,5.6211818351242915,0.05210295720504052,0.05210896175218193
208,4.9886732359077515,5.169962173003007,0.03118307990656037,0.031183101855912963
209,5.550211706984416,5.950524770855763,0.056216186735328084,0.0562442947944357
210,4.990139964033914,6.552335086928087,0.046473646724760745,0.04650957320905516
211,4.157451584681278,4.987854280369925,0.05586480627942937,0.05584536854112536
212,5.627876921182447,6.035762225537346,0.05763387923077206,0.05766242577485404
213,5.555481919524889,5.97700090850665,0.05613737743399738,0.056172233531043635
214,5.47650581101106,5.861483064405654,0.056475199065453716,0.056486207186115675
215,4.325947000547745,6.173890829045509,0.05289340875006459,0.05292610273079631
216,5.002664311583217,6.481401851974586,0.04595300455066412,0.04600991076529
217,4.539339240530013,5.828345616996858,0.05856446003941628,0.058574459228518026
218,5.021893368854072,6.696424696158243,0.03926746468076848,0.03929878915762444
219,5.001838460283342,6.494092677440477,0.04895320562157783,0.04901451287054829
220,4.979991863805709,6.741965106930039,0.03343342878160995,0.03346445696867435
221,4.012504487862327,4.997203137761076,0.058241476817871105,0.058194374623348866
222,5.3545735409659585,5.6091862501825505,0.05671257984857868,0.05671898703823408
223,3.8811375514268303,4.998941254818965,0.05514331707796603,0.055082738076407886
224,4.522844336546612,4.994397323926406,0.047581926247035604,0.04758036165920607
225,4.9978572184940555,6.305603165947224,0.05338432912348792,0.05344485839285302
226,5.021083949703736,6.067156566206339,0.05899904955338094,0.05906849783419397
227,5.635073958704868,6.111499251833343,0.05871130495622329,0.05875215087285764
228,4.384881636754844,6.0815173312142035,0.055107520841363826,0.05513885661988523
229,3.8097751796404755,5.008157467731526,0.05601402803582708,0.05595113599682856
230,5.0240273627862395,6.345893635612809,0.05059381849865866,0.05063763481992736
231,4.80527492094846,5.004429700266643,0.03141839739665571,0.031418358250844894
232,4.765251420006677,5.397816227466634,0.04168867661214868,0.041689113545059525
233,5.502874225241407,5.898223071617428,0.05890971700289637,0.0589370528667057
234,5.647847096572086,6.101417785708339,0.05541038553056628,0.05544285457332591
235,4.015033337991765,5.0172757176836145,0.05781893770200835,0.0577893122981519
236,5.894262972593042,6.51076880257147,0.038094548245129506,0.038112733778816556
237,3.968056805681063,4.996776295152874,0.0592566085068943,0.05923235949157015
238,4.280182420748799,5.006987054528104,0.055174923103142856,0.05516770509529211
239,5.6484069313937475,6.1302224652241035,0.058315315190003866,0.0583570393098188
240,5.701784721786002,6.198473223321907,0.04850235445418287,0.04851889346131208
241,4.362238471470187,6.123717346291628,0.05348678370748977,0.0535183699736057
242,4.991696091925282,6.494362560785776,0.04539127842599824,0.04544122032819641
243,5.004184681268015,6.801096885852646,0.032483304416946204,0.032525179711424955
244,3.773789364705959,5.0129865474953155,0.05640698663300931,0.05632932592768862
245,3.4658499427237524,5.0116433453843285,0.04885582789631137,0.048780116835920984
246,4.991494998725817,5.212579988451359,0.033279222205458765,0.033279266096967255
247,4.569598075296294,4.986881043862229,0.045727393467958725,0.04572694481079342
248,4.9922682835288965,5.993704723954009,0.05806315768773226,0.058090852411192336
249,5.580601475540057,6.026090681403428,0.05435217553029487,0.05436030135614576
250,5.3761519930242985,5.619862242640358,0.05639972444384872,0.05640714831878051
251,5.0104482030536195,5.320156526679595,0.04169686765343946,0.04169697216407304
252,5.009368929037199,5.930060377903755,0.05938523574093984,0.059421969835264266
253,4.166073220012846,5.012854136232363,0.05762897080166234,0.0576195151629321
254,4.987355043152507,6.259787624062693,0.05912542422304909,0.059210384556567325
255,4.731521181567601,5.506826984895432,0.0511344671471828,0.051135310079872674
256,4.677969278672178,5.5732275866651415,0.055991989442202066,0.055997367855807535
257,4.69525687164846,5.515564788911274,0.04983698917085407,0.049839416811592485
258,5.756002741482586,6.3688444918374865,0.04592560756291498,0.045952203103144226
259,4.9907869250509345,5.328104617326707,0.042941580515178025,0.04294167934588661
260,4.113882169421672,4.988959051358191,0.057215257925319986,0.05719321535843149
261,5.009906063136128,5.369445598702118,0.04236193030448488,0.042362297649918286
262,3.603270962438199,4.997366521767562,0.047145042802664884,0.04708649450038781
263,5.019526527468547,5.610107585244424,0.05349531237454034,0.05349791870358112
264,5.839974704661694,6.436501940100234,0.043445582243811724,0.043461237758307736
265,5.521776526264243,5.909913829287095,0.05803815019720592,0.058070662975705734
266,4.558041545628336,5.788323603067796,0.055127246035683454,0.055140883017383575
267,5.008927540989382,6.038422029966141,0.05721486844813407,0.05725104550831124
268,3.5786874887032147,4.998385970677447,0.05075102052410355,0.05065780926443001
269,4.422864474866436,5.995422772746561,0.0517251079129612,0.05173235366039015
270,5.360992189341724,5.664516193206958,0.053912820918819694,0.05391949511171968
271,4.981749310890671,5.818488238558511,0.05281126221569823,0.05282348291261548
272,3.991030075207708,5.0240485720868575,0.05968060461167496,0.059631714611205915
273,4.142815890645087,4.9832807121158815,0.05617547581403423,0.05616065983017657
274,5.167761369108679,5.267942654075956,0.041365761540176925,0.041365845764431426
275,5.44784811297696,5.765006683716504,0.05501567635422411,0.05502299752262802
276,4.596262199273967,4.991622470841633,0.04579591505982143,0.04579530167831154
277,4.761676185360601,5.450064369543416,0.04889212446842384,0.04889359782966872
278,4.9835815433411055,5.505229274349486,0.04714974884187817,0.047151367459494505
279,5.183379333056366,5.31027581337336,0.042632937521358494,0.04263316754386515
280,3.3099984679594856,4.976498623413829,0.03778892130139393,0.03775044673065762
281,4.991376455738283,5.468939092939397,0.04762935770180295,0.04763090069093175
282,3.6106135022781767,5.0013605648976025,0.05297073085466354,0.052906969377326654
283,5.456210860538034,5.748631479329859,0.05563978640168925,0.055648581850987915
284,5.488753407036972,5.87456936673462,0.05480769996685763,0.05482585336380551
285,4.9956183199610935,5.543693018394432,0.05040548543760629,0.050407586440899044
286,3.6665055485200857,5.01123989832496,0.05414128349136386,0.05409361764435377
287,4.69496571744928,5.590294952902237,0.05497530168939198,0.0549804314458638
288,4.29924639715094,4.987063410404438,0.0537339272632534,0.05372357729506853
289,4.435198722781299,5.982040402588752,0.0549099372759902,0.05491772383850543
290,4.447665918649153,5.954536481604716,0.05527126124723504,0.055290363452801174
291,5.024950788389706,5.833073594229211,0.057189954435481916,0.0572011755319886
292,4.857622043462227,5.203209368091085,0.03563083710396933,0.03563085228042592
293,5.410047877509506,5.6800632983578865,0.05376016717919911,0.053765632061848215
294,5.273946639397016,5.454628506364629,0.04742827316036982,0.04742906699572516
295,4.972605448151428,5.607985886571861,0.04794548951637923,0.047947060541888596
296,5.230177990834006,5.3564369979131845,0.045064262904624744,0.04506464641584644
297,4.305996557718592,6.196563596267056,0.05031871274699689,0.05035018280031586
298,4.6041240629218185,5.697509141355445,0.056446068015870474,0.05645011232392234
299,4.491158345263468,5.886433904498805,0.055261111273922366,0.05526554913803751
300,4.649031932543932,5.596271979884462,0.05167335139607464,0.05167773495960138
301,4.974660047124361,6.0384761952310235,0.05570255901492356,0.05571348598731076
302,4.9880887269423,6.4372914651886015,0.051323615064827674,0.051392706823412654
303,5.006745866253786,6.621305826720632,0.04314877773466061,0.04320275722516556
304,5.027039375997451,5.306385617480708,0.03717269860569716,0.03717286691610098
305,3.713355123576104,5.010620701575334,0.05437361231052304,0.05433103938525642
306,5.021221303485659,5.707935305772528,0.057127563720848956,0.057133957603012465
307,5.690715283262228,6.175560540357864,0.0516249601584808,0.05165566152008807
308,5.7984655236068505,6.408465234486953,0.04184643334573501,0.04187771186868565
309,3.975371322203213,5.006050886205399,0.05944498087161536,0.05942552990413258
310,4.275128346340446,4.994878063624935,0.0562129424483815,0.0562050413210515
311,5.881137502209117,6.549368739090539,0.03615614978359616,0.03617701713627234
312,4.667158041088028,5.53763775855445,0.05071731451424609,0.050718332320924285
313,5.015366065114936,6.36239305182352,0.054224466491725416,0.0542844295375074
314,4.9861896884811285,6.114286873053392,0.05621170230194638,0.05623961479999718
315,5.553101562064962,5.964977343233576,0.0580597616110948,0.05809014642742404
316,3.5688673422384793,4.999880224683517,0.04439347182275347,0.04436481531759777
317,5.480689633452572,5.860053898120282,0.05892896744173447,0.0589495395695368
318,5.5618821370599285,5.9580270966634234,0.05839181322739098,0.05841489320252816
319,5.437958356962156,5.752688001309321,0.05385707633116743,0.053864227960336165
320,5.794769849787347,6.368737411467506,0.04738879004391351,0.047405690466695544
321,3.6145499867987603,5.010903871794139,0.05114530548395459,0.05109846620933472
322,5.004008170287422,6.4701438850954744,0.048858003160657894,0.04891585993288782
323,4.514200378227608,5.820712271292389,0.05668009872016943,0.056694750914353366
324,5.59915180840478,6.079792278151205,0.05500603268711207,0.055042837854772174
325,4.117427036225321,4.988148826134976,0.05729729339598789,0.05726160396481079
326,5.014329052119144,5.584769433207614,0.05189339853829415,0.05189659505748066
327,5.1418654819970495,5.256506481264779,0.03564410298623802,0.03564413885430161
328,3.9168276533687547,5.005485849128318,0.05931937501259641,0.059262957636126316
329,3.895800634858593,4.998828651111557,0.056668139520744745,0.05663809987854674
330,4.990768189637758,5.580789562695133,0.05054906132932537,0.05055117983097284
331,4.123502012397564,5.014304961563132,0.059068061460991465,0.05903754108331386
332,4.781124473052433,5.003913828292213,0.034254483172228935,0.034254451514119724
333,5.010555572769989,5.920772365412391,0.05771733429796542,0.05774780280221176
334,4.558957904843021,5.760860271123556,0.05480862863927528,0.05481652481831151
335,4.257534012816078,4.98310445512102,0.05195916678306352,0.051948611950996926
336,4.313244508390169,6.205774493648705,0.05244609867824351,0.0524871424791702
337,4.271988570972325,6.266007775463189,0.05000010289363689,0.05003422421188324
338,5.6769379935399495,6.180037589188281,0.052614183279734356,0.05264749128366041
339,4.83936658247102,5.322807213402378,0.04364447384382343,0.043644660530251116
340,4.995659822027066,6.6856251334488235,0.039282111136858706,0.03933015209562756
341,4.898421425329037,5.152014948399141,0.029626079481102092,0.02962608682740504
342,4.148067466223644,6.494927688354694,0.03647812384269335,0.03649810695753439
343,5.617774807954218,6.049073104688268,0.05163945840973681,0.05165926412147138
344,4.999306251372732,6.391647996030282,0.05535798408188514,0.05541703425738757
345,5.5684447709458285,5.938644707560855,0.05579700381500891,0.055815122529302104
346,4.1835330823935415,6.431767459000178,0.04347341062092988,0.04349116324491303
347,3.8256984953985067,4.991616980628961,0.058466059222027925,0.05840274778007049
348,5.003663521090244,5.946158246968587,0.056212985379774434,0.05624480065096953
349,4.320056786371528,6.201736809948273,0.0537273082039468,0.053770287721543825
350,5.42462338120726,5.747163312330724,0.05216028895368697,0.05216368667998496
351,4.249631591929541,6.3153410502837986,0.0459372324962292,0.04595886519735156
352,4.248114140210358,4.985284222463861,0.05430978751032537,0.05429305966011359
353,5.699672699679823,6.218075642780257,0.04853268232154555,0.04854850978291386
354,4.675766710034697,5.551894908174531,0.05412497799091784,0.054128249009211635
355,5.508473021092694,5.8825071032091865,0.053758293385839935,0.05377177838818357
356,5.505088714640535,5.8732960251876865,0.05617400454155903,0.05619224578132095
357,4.9946011749220816,6.117008910910558,0.057395461322313414,0.057419648089953784
358,4.293291738198013,6.260739999393801,0.047341463851774776,0.04735783719492685
359,5.407302105087044,5.698411253526098,0.056135137575055366,0.05614411406352512
360,4.850532689306342,5.28015746821013,0.03662634765070124,0.03662640869606228
361,4.98483015527125,6.718964840405116,0.0378146533389006,0.03786677423268326
362,4.802876572450083,5.301418232567586,0.04305195645414837,0.04305206455443552
363,4.437987959955227,5.953693994429072,0.054577582040163754,0.054598582917057034
364,5.834051998765244,6.4021672110128485,0.04140109155613779,0.0414158151931253
365,3.6522448692724017,5.009111812081394,0.051127678391049265,0.05109031657263118
366,4.59286425561397,5.734053812761384,0.058643518121479825,0.05865935257259089
367,5.015366393290084,6.7101050497600525,0.037391809003776894,0.037419388616607346
368,5.007997127892761,6.022719356085001,0.056956487107700994,0.05698261218758935
369,3.74708377517582,4.999604212755261,0.05569201243975898,0.055621068184642436
370,3.3212486529226672,4.9713011729876975,0.03823366753360955,0.03819144349104273
371,5.578836505599727,6.01029280378714,0.05675980595625199,0.0567891188634177
372,4.20615515121251,6.380980958675108,0.04504538445835634,0.04508019125329273
373,3.7723641528935463,5.002716803612028,0.05380174247030632,0.05375292217837767
374,4.995775939578635,5.8942922884058575,0.056861551050910356,0.056893808267849094
375,5.3352899678070465,5.5321355800458285,0.054185108150862464,0.054188736205096684
376,4.565242231023409,5.725881925371986,0.05777997649473238,0.05779053230370818
377,3.639157655803688,5.015429324774715,0.051135361285181674,0.051078574381115446
378,3.665753860838196,5.000195976401804,0.05462456146005253,0.054557716564627615
379,3.7522742595549357,4.999077038848827,0.053470999948168674,0.05342473665236735
380,5.016500359393996,6.545020990704241,0.05007496183228713,0.05015044162552683
381,4.997395642454547,6.4993353700253715,0.0516154806033088,0.05169056021258042
382,5.009859983291925,6.517396597158237,0.04821518042992056,0.048246258133571716
383,4.415060158021173,6.008471509561471,0.05518914357398341,0.055220390962986254
384,5.493198522462838,5.865376207694712,0.058278448050365556,0.058302966917846304
385,4.990845285641415,6.405916154644576,0.05223671166191934,0.05230394347643197
386,4.612061383806677,4.989372574539454,0.04309908097070605,0.043098796034237837
387,3.738825465792578,4.992696450418207,0.0527634734671539,0.05272182162630063
388,4.613827506688318,5.680934368495549,0.054113689834700385,0.054119999297087995
389,4.142820366378182,5.004464641512543,0.05370120742372367,0.05367935147756385
390,3.685100561825077,5.029220010519986,0.05340831145241719,0.05338890354385073
391,5.016324366362872,6.332908905243988,0.0526333603706446,0.052705123250468895
392,4.994809815951777,6.632988185103779,0.04311754837752401,0.043157172499345794
393,3.8312959970711113,5.002570808822204,0.058084875334248644,0.05802798994414923
394,4.1822152293518045,4.976085663440111,0.05577163359053397,0.05576226526725618
395,4.990188111834513,6.233918683875376,0.05788192354184764,0.057962456993962644
396,4.620796433987389,5.645555055581719,0.05431975274154255,0.05432587515427499
397,4.607892174662993,5.713976082162645,0.058513381841431886,0.0585236362325973
398,4.676025495613246,5.53515012803294,0.050739142367768164,0.050740678860375685
399,5.002939953034947,5.971251770379686,0.05707202080867322,0.05711838614987998
400,4.464764980249804,5.9211431964367405,0.05544415624712336,0.055458452151636375
401,5.54442016364488,5.997205293611174,0.05618193231022874,0.05621391357414525
402,3.191262373871002,5.008453468145156,0.030999093447706558,0.030962669566199433
403,4.990688421316922,5.507353726796734,0.04715584378837621,0.04715625421019071
404,4.681996738886755,5.5019235338896095,0.0498481775063824,0.049850151543226175
405,4.685239843265996,5.565033617489362,0.05659366035595547,0.05659611088442446
406,4.509814697090813,5.858857560045633,0.05642125720637153,0.05643515602271028
407,4.735988806148975,5.038711650070751,0.037955724976392255,0.03795561307684832
408,5.001121025356777,5.799977456574247,0.058537498859208864,0.05854528576092226
409,5.523618960450083,5.88407507527933,0.0570280521561423,0.057050946293635406
410,4.642801399152455,5.633368336006555,0.05346182456953211,0.05346730272654467
411,4.990334808950031,6.178733665306124,0.056713084582129744,0.056746762485988325
412,5.504572038373888,5.876612102510498,0.05658784637352843,0.05660242614509536
413,4.386539245585293,6.057153949287185,0.05425051256062757,0.0542806686737318
414,4.490245532367243,5.8484346153524776,0.05772453315387724,0.0577459459329805
415,5.012827413775528,6.280231950657085,0.053031247570804775,0.05307164435794259
416,5.819063478407964,6.398314729879138,0.04388535313065231,0.04390266153481231
417,4.46998669303286,5.889963290605391,0.05850047085906853,0.05851547338953189
418,4.988741059267964,5.525347655779419,0.05085626860120062,0.05085986618680142
419,4.4820947366175625,5.901147362690298,0.05684704536167089,0.056873975531062854
420,4.28202305924571,6.22087976571138,0.055707059364054456,0.0557512927376694
421,4.745559569328264,5.4380624258762795,0.04615873246869302,0.04615896457835931
422,4.25243644259415,4.9955016244395045,0.05489267295072726,0.054874773211039236
423,4.1734283721099175,6.439792636960145,0.036439492465804454,0.03645763477060536
424,5.012398458216774,5.791060594704927,0.05476633745651828,0.05477460402294783
425,4.47799671227608,5.918739975228822,0.05644317011083692,0.056463839144742685
426,5.456201507544742,5.7422401217307355,0.05759435029814201,0.05760130759152303
427,4.9992438769413505,6.5641989810321455,0.04751408064875179,0.04757131042080884
428,5.504239217391812,5.890767068813635,0.05751634097426984,0.05754529350453306
429,4.643358604449674,5.590371955005898,0.05615920612583863,0.056162653185119336
430,5.203840080195231,5.382014736970509,0.04446342071170897,0.04446408643587623
431,3.9746816210936466,4.997646037581297,0.0581744839758139,0.05811766743579313
432,3.7950328132981164,5.00368185091942,0.0549512894217864,0.05491427188859713
433,4.431496141463951,5.993870363538281,0.055719465660065144,0.055747998966963856
434,4.9959428862178425,6.4866034612997785,0.04713133991916241,0.04718717917883431
435,3.967246488210593,5.009874798699005,0.05711107803855052,0.05705685003176305
436,4.784221191617613,5.366258307991588,0.041522854006317854,0.04152322899782203
437,5.029806778571735,6.4839221117356045,0.04784520349899319,0.04788550533375554
438,5.012057526634773,5.244389859275778,0.03492345517240977,0.03492351864718418
439,4.838741308183728,5.26017890843979,0.036490431466258653,0.03649048814067261
440,4.329749077970623,6.15571120453755,0.055318312506443375,0.05534431586277452
441,5.004677808624793,6.438026556608711,0.05145228955172336,0.0515321764936486
442,4.3765672701217175,6.058726656928164,0.054140501980645454,0.054150191280926435
443,5.478573267726761,5.844714313173856,0.055882188874468296,0.05589868798436481
444,4.386212340425542,6.0629100288836995,0.05527965829081934,0.05531353240807421
445,5.0034936558161975,6.37986178728568,0.05237390608758839,0.05243310185290458
446,5.164090265407505,5.252268843682451,0.04047438587110103,0.0404744444065669
447,4.578053638274213,4.986540801277515,0.04511783497071766,0.045117285475054815
448,3.496920220158998,4.97871320649424,0.04922913264475746,0.04915560946439159
449,5.671796037459935,6.175363639046838,0.05651822543461205,0.056562240794614485
450,5.420304970266146,5.711411551461826,0.05142956478138762,0.0514382286979943
451,4.4460680168390985,5.937468804733598,0.056492104643387143,0.05649720379758359
452,5.605775216538104,6.0355545141268285,0.05728391451079947,0.05732284747197998
453,5.0138467200779075,6.251025925273233,0.05517568411873723,0.0552387072016908
454,5.419965676270262,5.701284051011593,0.054026778870978905,0.05402987640819158
455,4.819836968275294,5.332489784582418,0.04319762496001065,0.0431978861700614
456,4.436859680862835,5.959660887824151,0.05441102855254257,0.05443460647983101
457,4.250024094779172,6.293619638546404,0.04514773666724054,0.04517606320108356
458,5.310516079324583,5.510201302067802,0.05267585293463208,0.05267698144031034
459,5.014219404115146,6.371508927412517,0.0506311221838638,0.0506607103740585
460,4.0318762607311,4.991681807005262,0.05618732544372728,0.05614659091743473
461,4.997351788459921,6.032711675069275,0.05763795090547329,0.05768182594643817
462,5.574878238408086,6.02099049896258,0.05718438784191888,0.05722521879234654
463,4.9916065439767205,5.597830600931233,0.05116238902727687,0.05116811816221148
464,5.739192509905671,6.200300592673065,0.050987147595200434,0.05100564216316863
465,5.456823285140297,5.811892617730095,0.057076061873441414,0.057097669477899855
466,4.304946249108615,6.218270648310911,0.0525009293469467,0.052531020407692586
467,5.443036266453022,5.786074610665045,0.05906433971443913,0.05908073902540244
468,5.016260277945191,5.809604416296929,0.05521497365272408,0.05522471645796998
469,4.628964712702535,5.6169245178679335,0.053524500378911016,0.053526860446068136
470,4.095132131951556,5.018605072942623,0.05583767075645587,0.05582122609617306
471,5.5250079114928745,5.877601411699772,0.054050476469457404,0.05406419282196854
472,4.036890481637026,5.027199437462812,0.05870718538657185,0.058660603322192736
473,4.3840400824583,6.0447990933076765,0.05559288655318097,0.05561263977825442
474,3.6460410909152663,5.015814019931544,0.05345412532583335,0.053396423972284474
475,5.0029813976145725,5.780555020255092,0.054511084433241326,0.05452983335632775
476,5.663817036319193,6.123331895276574,0.054197099654120486,0.054232017300725584
477,3.7764006213886687,5.014158339402224,0.055665146024122716,0.05561613836396401
478,3.758025854927778,5.006200606375795,0.05682159056105409,0.05675079579944455
479,5.345379322763056,5.6134969864332485,0.05386233475334098,0.05386690943658255
480,4.529683910578855,5.8154722330758055,0.05801427112868774,0.05803312330225943
481,4.986053361066011,6.053958873797387,0.054738358303931915,0.05477137725453818
482,4.586965574674412,5.7292338141224315,0.05605540203036565,0.05606621777836844
483,4.839533736253794,5.260788893823412,0.03793937943117955,0.037939450216459024
484,5.472948422077177,5.807816577446137,0.05537092038915187,0.05538316397355924
485,4.538035127343065,5.7775527310267,0.05795581769114929,0.057971495307981534
486,5.718704391985004,6.19662241690279,0.052705955960805816,0.052738138288410445
487,3.559219978135524,5.0001021882912875,0.048548482441272786,0.04851873815755782
488,5.0132921699653,6.490736136156634,0.0498487038511386,0.04989408306554034
489,3.971189635310049,4.999366127176629,0.05571351553210799,0.055676873025256965
490,5.336450042159382,5.598920607922438,0.05009938170652679,0.05010261262963987
491,3.769307566534394,4.990749858193805,0.059591219804845004,0.059505499767092365
492,4.5564677286558055,5.762575965203635,0.05870755480903257,0.05872377196235502
493,4.159337820621015,4.998554781617404,0.058572297967669204,0.058543013254974054
494,4.732271175901147,5.471396754075836,0.04922326552678378,0.049224968685599384
495,5.008244260076304,6.63601197222904,0.043897312322358016,0.04394521739075091
496,5.0266008248449365,6.802982788888272,0.028151160536704904,0.028175392474076584
497,5.006048031837558,6.012309503023009,0.05605057544823569,0.056093999624879105
498,5.007975396234913,5.5995394604859605,0.05330473433200272,0.05331199995382838
499,3.6870358933331264,4.985744185817853,0.052103839461233,0.0520531576248178
500,5.026568156712029,5.784626476120063,0.0545750319954233,0.05458132575475301
501,4.982914649735082,5.473382000406065,0.04798115029068539,0.04798260727143504
502,3.860685466246804,5.00269148314248,0.057343031384903036,0.057266930420196274
503,4.824866227548228,5.01321202444389,0.030495193452895832,0.030495177204435918
504,3.405608875941387,5.0039009967762,0.043287767897612114,0.0432460171514331
505,4.985101466734309,6.009580569173776,0.058645508108011835,0.05868196484332977
506,5.493372393906893,5.869964039131885,0.060075780468696674,0.06009549601284529
507,4.999614670100205,6.619277054583657,0.04289226263181652,0.04295528971724754
508,5.109967081521446,5.193370193744211,0.03332972259166895,0.03332974730901396
509,4.572843093483001,5.780752867632476,0.058696857052214224,0.0587166950180649
510,5.551851432418458,5.980203428577734,0.05956419182636722,0.059603824719302756
511,5.3153293452035335,5.549037737921404,0.05392956511309355,0.053932610647262035
512,3.760357976675911,5.010705761730039,0.05704819358819573,0.056980681690352745
513,5.001915851170434,6.373705605572859,0.05202013512295988,0.05210690631317648
514,5.438142653494395,5.700928744091695,0.05585200814438509,0.055859890922589195
515,4.225884254428975,5.019953925768618,0.05484554570858331,0.05483325460502687
516,4.1986941776287185,4.9953746421750385,0.055115894271859055,0.05510798057996203
517,3.433035933941915,5.020487365498298,0.045833536400604453,0.04577177441599433
518,4.852598012215425,5.263442534292907,0.038982010150814,0.03898204642033845
519,5.003162759738472,5.870869549963201,0.05434936271888063,0.05436839471537365
520,4.97901077268316,6.098357122516105,0.059576639648497305,0.05961289831755006
521,4.238559142904938,6.337636811716019,0.04534067651814891,0.045369213709006956
522,4.456416333033045,5.924438107557123,0.05783007572548621,0.05785169359318107
523,4.297192280227031,6.213425321217742,0.05159655998957818,0.051634582565134306
524,5.6354333927466715,6.126012851727461,0.05271886519685718,0.052750224515082836
525,5.561420576987076,5.934370609176208,0.05662444435896967,0.05663965070325539
526,5.000884428417546,6.22288646481573,0.05572064440780001,0.05576389098876676
527,5.01818338595431,5.659244120466216,0.05223762349518297,0.0522420369608407
528,5.7024038209229175,6.234021951590137,0.04890516509688307,0.04893813613208358
529,5.736195060823582,6.281270860039166,0.049948514764364994,0.04998539142095717
530,3.742797505711964,4.987778700322475,0.057562781739803365,0.05749217196401412
531,5.665223907212698,6.169132721061066,0.053350249889538535,0.05336774521110323
532,4.991794160475072,5.8237853308177705,0.05683203579169887,0.05685458463298751
533,5.690862725350418,6.206743933744684,0.052262288475476905,0.05228777711597557
534,3.390246475065291,4.976983890954725,0.04297734628279456,0.0429172269896077
535,4.046162560885819,5.022234217642231,0.05503029551733824,0.05500317969384373
536,3.810641892791984,4.983368840505304,0.055502200735358796,0.05543741863598427
537,4.239329263872762,6.312524547495535,0.04871790356132856,0.04875280606568289
538,4.3979905159617525,6.0654156539072615,0.05369760206059889,0.053730496547245044
539,3.2201991932292393,4.967573129074584,0.03739990618684891,0.037346315175318244
540,5.015984647674127,6.538027135965877,0.04538001956237113,0.045442515385331374
541,3.98628330432653,5.026515027289966,0.06279758741375295,0.06273375921068808
542,4.683020291079222,5.518747015191531,0.04858558694934472,0.048587069134138176
543,5.000202061723903,5.921646540997419,0.057291771725035266,0.05731908299429931
544,4.439832371168986,5.978542360295044,0.05717282054180831,0.05719974208763644
545,4.33608805731169,6.170978294974141,0.055066534708386516,0.05509382560741625
546,5.00735660615772,6.400716579548165,0.05033793955808503,0.0504024190326459
547,4.703876780434092,5.570404660634062,0.05078971210495616,0.05079349936524271
548,3.7888337057451174,5.014441919066939,0.05517824827044768,0.055134981228801234
549,5.006800809825157,5.719945924778511,0.051578606512154304,0.051586136389969034
550,4.633490378675745,5.6913065373813,0.05478648809845572,0.054795513676851926
551,4.605414737008048,5.001066850063574,0.04488912451211901,0.044888832285435276
552,4.4112387688445525,6.060587037717354,0.05310931262286626,0.053117139392159014
553,5.905943706070533,6.561942864884904,0.03457034596724239,0.03458670680106552
554,5.514242217311629,5.922702950365434,0.05712395643611968,0.05715711084092463
555,4.011070955362708,5.006181861558748,0.05786888890474171,0.05781263798303836
556,3.4479260340334674,4.974693761908748,0.044922068606130135,0.04488994253984265
557,4.9925990740401005,5.979442197307539,0.05922859769626615,0.05926611564888745
558,5.496625018499619,5.922416025447644,0.05690460416955397,0.05691912001909629
559,4.970098428632013,5.884750931388638,0.05848662072342112,0.058519266876031116
560,3.984217910312098,4.991858490011465,0.059074291264951805,0.059028978733423144
561,4.786262098979512,5.3915268006224,0.04755888671372252,0.04755939879620809
562,5.69551637272884,6.19509785007393,0.05145672293051176,0.051494071806293285
563,4.8068545371577125,5.304763301051822,0.04447072146619488,0.044470960269509224
564,4.170990811073871,6.375572673962882,0.04878516945458444,0.04880979321241379
565,4.989327594408594,6.064101903628097,0.05774009786597237,0.05776289127943964
566,5.507155556017556,5.901655299475912,0.0592449411432895,0.05926598303076975
567,5.0107006541778665,6.103184968829798,0.0579447809916686,0.057995430764122204
568,3.2103030868240356,5.042344761724448,0.032294774318814605,0.03225908399448557
569,3.873271791548449,5.006292814870656,0.05934090914705953,0.05926389907125842
570,4.988683397312458,6.425950278624209,0.049874782153079375,0.04992209029915146
571,5.025077383020901,6.040920482109752,0.055481369283746994,0.05551282115891038
572,5.764518003225839,6.315675982632754,0.048484242352877724,0.048519810082968524
573,5.845414074529944,6.474160608908698,0.03902352535591042,0.03903954367294054
574,4.592294479689648,5.69806129271398,0.05563169121833561,0.05563775380075804
575,4.08695655015826,4.984991446604941,0.05958938385575942,0.05957560311280736
576,4.496772143781665,5.848891772722231,0.056817719222062614,0.0568377742685725
577,4.255363582814617,5.007599307295151,0.05411922199140051,0.05411287366481778
578,5.278797768333866,5.455730965347982,0.049281018017102086,0.049281997427222377
579,5.005113657147731,6.2009187361092195,0.05788088235016991,0.057927916729441926
580,4.090161416798893,6.524775198187662,0.03544495323181159,0.03546651823108389
581,5.652433961504015,6.113861384296873,0.05256966330734661,0.05258647044244469
582,4.630588084867354,5.016122120880272,0.041033084868439346,0.041032700266953985
583,5.788353226210317,6.364764930455989,0.0461717455380588,0.04619975169402509
584,5.5632535310387965,5.962637161506164,0.05558036171480076,0.05560997077170357
585,4.479625009290056,5.918216814134358,0.056410043670190466,0.05643756316246822
586,5.02486490829093,6.03780428376726,0.05542544495233477,0.055470497552562587
587,4.623102129425373,5.040490015371522,0.04513198503111488,0.0451318012327166
588,5.478355550410535,5.793527802386634,0.053989254149018444,0.05399815974154516
589,5.00471354259995,5.8566497988825805,0.05835259503027291,0.05838908200321119
590,3.8402344708052927,4.9865238225173245,0.05686169795044602,0.05681640870099116
591,4.559280972671437,5.775789040034078,0.05680676388499065,0.05682518425999047
592,4.98173767421987,6.703426511701959,0.03908646046337574,0.03912699626708793
593,5.002148418153568,6.5965954667578,0.04960969667785708,0.04969416385547324
594,3.4575069235848184,5.011153285401098,0.04710523638061158,0.047033467965891265
595,4.372182096854006,6.17864035204267,0.053805414555364216,0.05382000860661098
596,3.2066900942200305,5.0024377073380455,0.03838003228099198,0.038330565202515175
597,4.108832580457167,5.0163908624332105,0.05941997840761204,0.059399941894377535
598,5.009404621947671,5.924475804115868,0.055531854564749475,0.05554475675078885
599,3.8466996958196247,4.993265198795725,0.05763578915591958,0.05759075625158171
600,5.427394993058006,5.7343888417473385,0.057730407973910935,0.057743922140802977
601,4.447031663251772,5.932467476856731,0.05629916533090297,0.0563264917168918
602,3.2468649172838377,4.98186346721452,0.03289314476633665,0.03285977109998314
603,4.998661011761703,6.310575926402922,0.05335360686109817,0.053393655305877676
604,4.924167105476927,5.18503770988355,0.03369390647317869,0.033693934216045794
605,3.212540162770518,5.026583421340665,0.034795729446493166,0.03475752877486322
606,5.073002077648584,5.164335925491127,0.02886225353571713,0.02886226653781928
607,4.4652871222451385,5.923872336842359,0.05624297343655879,0.0562556780716309
608,4.619934897482083,5.019778648151344,0.0408301787262422,0.040829535053608736
609,4.9814257176507075,6.2723761865798755,0.05556874694801629,0.055611090431119954
610,3.9589409782211917,5.0199889233516775,0.05755094432557445,0.057534983917972855
611,3.4450130536192827,4.998322201859428,0.04795442261978849,0.04788184570117325
612,4.759546897465268,5.4457216934076005,0.045502997099730456,0.045503896103404905
613,4.524909080095782,5.83692035225444,0.05702042378230439,0.05703592937347926
614,5.287545220144329,5.480763564703565,0.05043675206706977,0.05043759342971508
615,5.538204582200363,5.977177570336579,0.05906479653570118,0.059083595564224545
616,4.127060330602929,6.518073566141045,0.03623239105575086,0.036251580907326754
617,4.99256422039193,5.421276185225478,0.04435152924357557,0.04435181749324864
618,4.135739630200173,4.975529043699219,0.05606468113636913,0.05604862004673881
619,5.420954618514051,5.768423180870401,0.05559342225618277,0.055598684312909666
620,5.425518806870541,5.744408183249921,0.05779492601597434,0.05780660877342255
621,5.441827143465721,5.743587159670921,0.05664244247137996,0.056656843390100735
622,4.262898996740978,6.2765954356778755,0.05146122584869505,0.051500184979682576
623,4.462752987563037,5.891202404152181,0.05826137159876271,0.05827507994354127
624,5.364972982144781,5.654477311284862,0.053685279229779274,0.05369106823467091
625,5.018817058098627,5.517049100334333,0.04719790120895616,0.04719856208876588
626,5.000377523700817,6.1182705012714065,0.058181909964666434,0.058251847667140914
627,4.615495322722236,4.971551647776594,0.043286243571107816,0.043285735521509536
628,4.987240822004004,5.858692459472764,0.05684244051035328,0.056864737753072374
629,5.506064510768143,5.882034297663568,0.060509874635255145,0.060542130578704535
630,5.886975016198883,6.546384716644272,0.03340862448077037,0.033425237035769745
631,5.722666922232631,6.224064748207855,0.05335627675657741,0.053383556090813314
632,4.996611483125658,6.091393870124776,0.05998455647374364,0.0600397470944925
633,5.644667422421566,6.139316073313042,0.051682854210266874,0.05170417865033257
634,4.974696715185869,5.2510446440465275,0.03707379827227028,0.03707387587111577
635,4.208503772755693,6.367983092097588,0.04598319364401347,0.04601525964181082
636,4.354662330441361,6.127530153335787,0.05476806964029694,0.054798439910270454
637,5.540837975103545,5.991174657382215,0.060007010835492404,0.06004926201891769
638,3.6585324287863648,5.011963999314305,0.05542716416339089,0.05535051941675452
639,4.107429346794239,4.987589603528898,0.05412592485426005,0.05411313011780936
640,4.4401185747703265,5.950650272680523,0.05727116305036724,0.05729777527811801
641,4.279189666911648,6.249753800670921,0.051088625387187926,0.051113750695392375
642,3.658721387091512,5.0168628573916685,0.05256485461938105,0.05250055482416968
643,5.001876471363004,6.266648364964059,0.057596500482806005,0.05768653452630726
644,4.699903466216137,5.4729075130921485,0.05246764560298633,0.05246957908485177
645,4.994216060241872,6.071513403329461,0.0555214169154852,0.055567353413637284
646,3.672417418765736,5.000895907119659,0.054832290192457875,0.05475488778239174
647,5.42552577669956,5.715309199808803,0.05628541122538433,0.056297427501334395
648,3.246169174963868,5.008703267013177,0.034871562890517634,0.034841178585841855
649,3.364773178010931,5.008544012575535,0.044182777898883266,0.04413956767116812
650,4.447667733749414,5.9572760714039905,0.06006717655830664,0.060081762505437536
651,4.766814180555716,5.432553881842701,0.04867770232524394,0.0486783303220848
652,4.359569612780365,6.132601176946374,0.054242975816214976,0.05427987774635691
653,4.160554271642404,6.45734551576467,0.03912844392124225,0.0391415466556238
654,5.00352512359592,5.64168730237106,0.049808881993538695,0.049814517099726785
655,3.8428126281011052,4.980116668076936,0.05462371737568345,0.05457743096005816
656,4.709552441065743,5.5090521344037136,0.05251549434972061,0.052518047293601884
657,5.610217235167628,6.068262017249954,0.05432051950797291,0.05434833134654429
658,5.011879120196331,5.46905478720557,0.046870582134305304,0.046872262950486576
659,4.554378153713325,5.77030258096592,0.056170787627811095,0.05618005304910286
660,4.43517749386027,4.995419246380577,0.05036060788820748,0.05035715721252892
661,4.674989100725036,4.994135947496007,0.03880961449574623,0.03880943691098843
662,5.014401253984114,6.432422809316071,0.04951909662556382,0.049569935169028495
663,4.993180955334408,5.837751726691531,0.0548412864405429,0.05486516685314836
664,5.475313120844137,5.857054778905082,0.05937645050398169,0.05940656780451147
665,5.492301150710628,5.851771519731488,0.05866567737754905,0.05867779461266204
666,3.917618272783281,4.9899089210848855,0.05438268971482011,0.054366563530799654
667,5.007692641389508,5.990942625074926,0.057270840872446827,0.057314353756279704
668,4.205231403779904,6.326155663802099,0.04357956783906563,0.043598566623430646
669,5.243645828285274,5.444707239392728,0.04724547170931571,0.047246262730598225
670,5.002942136445376,6.150051260977485,0.05917157027056862,0.05924659352104913
671,4.617355325484476,5.681681002261083,0.050607340691956,0.05061076581669041
672,3.672058451205276,5.00804526658182,0.05275025086524917,0.05266927270874209
673,3.289154891695858,5.002194685094568,0.03988831869245263,0.03985114165148582
674,4.515458845250498,5.828360927843609,0.05737700732927998,0.05738362201625381
675,5.309090287481317,5.550281762840706,0.05527109642642866,0.05527510706115079
676,5.743042273367305,6.263918824465833,0.05046104373442898,0.05048965848125601
677,4.730257127040947,5.008289308299964,0.03929377829155079,0.03929369918502912
678,4.997921253133731,5.854887432150105,0.05747147771089032,0.05749672447955493
679,4.088557828441542,5.011785121448331,0.054583644253709436,0.054562150205661755
680,4.089990561582893,6.575015960017886,0.03204822793499538,0.0320639414430087
681,4.525409053399488,5.785363293623021,0.05733992329224811,0.05735906703548264
682,5.263155799695957,5.500005444046084,0.04800840375665977,0.04800916802296973
683,4.994147123699118,6.31518044107191,0.052429154647314014,0.05249164601598697
684,5.154436098353647,5.235881839461428,0.03979127244364745,0.039791328088159425
685,5.484406508873478,5.853475953545797,0.05836555038337194,0.058379527083094324
686,4.182633379744898,6.401133120380538,0.04488929485114437,0.04490687673914205
687,4.445884344627431,5.996301193923712,0.05739439173467347,0.05742850450997553
688,5.13166631240559,5.193663225106904,0.03365805929325095,0.033658079823069294
689,5.557826258989178,6.009376143507794,0.0561139615853169,0.05614560576737248
690,5.37867257872082,5.639213097807043,0.05476943503024524,0.054772166028067
691,4.983553240551504,6.180560076327185,0.05634617243638969,0.05640201348269983
692,5.340592901090098,5.610196339007933,0.05163158489161994,0.05163627047136192
693,4.747231900214366,5.4506417022989,0.049233708386917194,0.04923418517384766
694,5.012626710224714,5.99832694701514,0.05786845002674725,0.057914225642305424
695,5.014311716644904,5.886172162048338,0.05467541241378406,0.054689635566827474
696,4.980659847911786,5.77724744870925,0.05239322316704715,0.05239903702307355
697,5.675927030641138,6.201321493668149,0.054228116568651806,0.05426008308014364
698,3.4259289885416293,5.000725590251382,0.04871035572362563,0.048647284075609566
699,5.8888032806239154,6.52931345111256,0.03232113034361609,0.03233295540388892
700,4.74959241479614,5.441954072814296,0.04760877094585516,0.047609512715073736
701,4.573088391905433,5.697789721442871,0.05816951500405486,0.058180937277527475
702,5.362832292968445,5.651081186379994,0.055004410773720626,0.05501142251017585
703,4.071716739080243,6.5799043737675165,0.028114865665012354,0.028125770948148485
704,5.724365583982559,6.2551395074107665,0.052682045032313066,0.052722230478675434
705,4.293651584848196,6.238781468464067,0.04894844211466676,0.048961074439968354
706,4.563572234762922,5.7313020069964455,0.06002443874576403,0.06003874627800134
707,5.021121439511303,6.23797798285801,0.053910263210685594,0.05398322665902093
708,4.641106587745987,5.620953405605077,0.05582088627993989,0.05582847929963039
709,4.508022625468682,5.005298539969179,0.04818052331835784,0.04818009248907877
710,5.6896392670296585,6.1961358262538715,0.05501004708184911,0.055052411516065346
711,4.0467980143985285,6.628680887464901,0.027778324533408512,0.027790033324038368
712,3.749391453698327,4.988732363233699,0.05673994396262024,0.05670474421798046
713,4.309156412236489,5.006797315778862,0.055735968337824744,0.05572811929553194
714,4.4044493262517594,6.0238457334912985,0.05685913967743944,0.05687129235617677
715,5.020051641540188,6.61801081388446,0.04626233927904754,0.04632192483441005
716,3.3224874741902544,5.003915119634094,0.03863872381643307,0.038604614095265326
717,3.8474374712813684,5.003273005585701,0.05768083611602355,0.05763659163492686
718,5.7091011289584195,6.2182629241365115,0.051309503787150566,0.05134512956450399
719,3.677538152231543,4.983168621349623,0.054887329061299936,0.05483871450753612
720,4.976963006708296,6.04468203045609,0.05639492695663115,0.056433022166201996
721,5.000902263356167,6.505977002708654,0.0495424274760861,0.04961203100944301
722,3.942842475868639,5.000551308740191,0.05862151767124325,0.05856769981731068
723,5.004673502767143,6.129174427121553,0.057542875504070314,0.05760415877359494
724,5.640342971983814,6.08377527173455,0.05502154584925529,0.055054016324957454
725,5.600320386495668,5.9997955287496865,0.059761452032499766,0.05978885386176031
726,4.9867759050102505,5.706177730289065,0.05498834334247354,0.054998208453611946
727,3.7360798935297614,4.997913619547714,0.05941795786337436,0.05932513113729792
728,5.489286331231259,5.8317707111293196,0.05799829291540788,0.058002969334369756
729,4.4137419084653216,5.998276539607602,0.05671997845467855,0.0567484314382427
730,5.111688828954685,5.242049518336985,0.03658657347064035,0.03658661508909596
731,5.244705561154173,5.415911755202424,0.04736042125753594,0.04736103928674696
732,3.810463709119786,4.987911480411079,0.05685125640739542,0.056784516503515514
733,5.499672440860267,5.844839633385236,0.05861868154976571,0.0586403318495264
734,4.135205847614394,5.004295011906739,0.059327791029158666,0.05929697687405619
735,5.497525057576831,5.884469143504894,0.05522290410348962,0.05523233385977853
736,5.491337278190285,5.8279299623351015,0.060036279059728206,0.06005758696655901
737,4.975554832275735,5.509356681571974,0.044948917967063705,0.044949656809704176
738,4.218826043324486,6.348514523471232,0.04887432315279194,0.04890898472642497
739,4.9942089759209995,6.062691635462946,0.05368700834904133,0.05370948292703392
740,4.62213214545091,5.6680679221007555,0.05579971639011398,0.05580687840288126
741,5.5967505423744734,5.984149800353143,0.05597106641917381,0.05599317594411713
742,4.030562986655048,5.003598906096726,0.056115296293218306,0.05609203901469654
743,4.642816379341606,4.982461391570219,0.039326547515101784,0.03932637115836988
744,5.025387110277665,5.670296035905128,0.05149760629556028,0.0515038861203285
745,4.487888693745129,5.9398176654442345,0.057823649607206484,0.057842147488882084
746,5.548323543111657,5.9747678100544555,0.057870211704050455,0.0578951499551512
747,5.561447142519884,5.986486252983613,0.05539991686609769,0.05542777256623191
748,4.09455027659699,6.5610033879411604,0.033809449954755315,0.03382606503148144
749,4.437216538887932,5.954591197598726,0.05723925133153041,0.05725165142942372
750,4.999115609587199,5.991239973090872,0.056944798529181044,0.05697154908733459
751,4.481055384854894,5.903447073764137,0.05585531195865846,0.05587857378727829
752,4.562072853221157,4.994002915168532,0.044109407350517,0.044109059341838106
753,4.985363607438141,5.661079704363738,0.05010987575851493,0.05011342126676298
754,5.01058687564755,5.832530167128699,0.05786163226637806,0.057886091644139624
755,5.050577299157071,5.168287947862673,0.0310407673106574,0.03104078658989649
756,5.586458608316226,6.066650228056637,0.05625695923522077,0.056291255005821765
757,4.454989011788989,5.921627595373112,0.052522851097392353,0.05253079372106211
758,5.436331030068138,5.739596149323371,0.060320717445289856,0.06033796175068404
759,4.639630891872431,5.647385077312769,0.05701684894347433,0.05702481260546948
760,4.09305762838975,6.53671690628107,0.03264287033611496,0.032657868663846054
761,3.33045810652803,5.007376417594051,0.043071116323985005,0.04303889596860766
762,5.601914693088315,6.033023719183534,0.05808333708113101,0.05811047649307781
763,5.51939317114192,5.8596557083123395,0.05829733820439392,0.05832061246151629
764,3.918496362777892,5.0094950495136805,0.05462261626143205,0.0545755633138377
765,3.603213777881027,5.005834338660947,0.05329354999668952,0.053201694692801546
766,5.003143253902948,6.720726617861166,0.039019550657737365,0.039054913274750254
767,4.035322127116634,5.008397021007452,0.05492209139998713,0.0548863667925773
768,5.444138182924941,5.792308334217156,0.05720784669121858,0.057224163716510366
769,4.47782750098127,5.91455736417743,0.05575092882496499,0.055766357957528864
770,3.7726309018739745,5.018268990204722,0.05598468033421556,0.05591249532487042
771,4.6222091233493785,5.679062403066309,0.05539049237495277,0.055397075497507726
772,4.98998005223948,6.177440508281777,0.05632378808144274,0.0563759392791835
773,4.2070018032987955,6.346224284580071,0.04600414770088065,0.04603638098437768
774,5.006655230203433,5.313993966587074,0.04034409074161291,0.04034441815727076
775,5.699566298744489,6.253277201333342,0.049308572446074526,0.04933437517157222
776,5.615216503679837,6.047935920534945,0.05699407926779502,0.0570202663725838
777,4.585387602065219,5.696509665322355,0.05631613110864856,0.05632112655592237
778,5.374250563093554,5.683230372042094,0.055800314080231075,0.05580958754874382
779,5.006213682897125,5.355687288756782,0.0422639372129922,0.042264214578556364
780,5.809997855192705,6.414241888016852,0.04206802244745049,0.04208800283831905
781,5.001210248003077,6.1779414692879415,0.05474387838850334,0.05480236844154293
782,5.270583685898822,5.4624047560116304,0.04662551295262505,0.046626702762447084
783,5.0078775085432286,6.576555476891711,0.04408758552376073,0.044132967362132805
784,4.990168348731611,6.076962307958487,0.05909724833566589,0.05917202125311188
785,5.513566975168091,5.888322650860384,0.05959562396758675,0.059625457808812954
786,5.252016937834208,5.461921399798933,0.052969475369746,0.0529699389665922
787,3.886229337158136,4.994212244635212,0.05540035371190934,0.05536163249219742
788,4.827611071362155,5.284314305935264,0.04103197452068936,0.04103205897047015
789,4.510605787197527,4.998059232380874,0.04660385879321374,0.046602228191942416
790,5.291569973489601,5.482515199183997,0.052178112505815326,0.05218038164390406
791,4.7269705768348285,5.438295966127284,0.048467450879404,0.048468255315392526
792,5.432822207309997,5.700846860442835,0.0562992767852172,0.05630481365631697
793,5.029484162678637,6.5131696830775345,0.04601658217113605,0.046058358502629335
794,5.415122247119051,5.712289562302132,0.057062037477633276,0.05707158144146439
795,4.3849009651924264,5.003313756254828,0.053354826167720484,0.05334870948872453
796,4.503484762032401,5.83116721977245,0.05647212967832858,0.05648839621995685
797,4.996551461185894,6.0858739201739445,0.05554961703626351,0.05561169360482783
798,4.536611656399136,5.76803260071751,0.05870238840146468,0.05871524094787392
799,4.4795731973985795,5.892033229931111,0.05604947256515485,0.05606492670533667
800,4.783636396281762,4.998623756967045,0.03503013128451719,0.035030079122225416
801,5.372472005285596,5.686201505115587,0.057306430445269306,0.05731084910746535
802,4.469624045431368,5.934997796412902,0.05945870693303347,0.059479940249579574
803,4.983052549543741,5.939569242561526,0.05893120736569109,0.05896198627079195
804,4.186075938275424,6.420554753244283,0.042746677626337805,0.042769433721593385
805,4.277634702891371,6.243429300247226,0.05273626940449943,0.052762001506498485
806,4.563914241402957,5.008555215192545,0.040706114747649624,0.04070569623790419
807,5.780631997216752,6.360784455465817,0.04383787852317976,0.043852857654267156
808,5.580698017907227,5.9817616893965795,0.05854807846698925,0.058580912886352844
809,5.662887633850925,6.106489027508822,0.05712028513654631,0.05715451843219896
810,5.0080826605652575,5.6057212659416065,0.05021098035963381,0.050214834239388835
811,5.004914360917166,5.36939478801871,0.043852627212159406,0.04385298153224834
812,4.28492381938161,6.274445181158151,0.052409142088749326,0.05243190484572118
813,5.483882739510801,5.865344124845991,0.057037613813444375,0.05705593083834074
814,5.797869558686889,6.310090503925553,0.048314788499080705,0.04834586916731048
815,5.222923836650989,5.402642605203373,0.04723639146408877,0.04723719976055535
816,5.003048034511908,5.778758627705426,0.054539563590767004,0.05454513288151561
817,4.280627630046585,6.223786672145119,0.04949260806933763,0.04950538465134055
818,4.421536783864392,6.00521963562786,0.05654454470104806,0.056568777748915465
819,4.988518175469824,5.348881353572175,0.0431169911940837,0.04311721320616066
820,5.018459534532194,5.433581689767307,0.04314122112704619,0.04314158880277678
821,5.4256825738601915,5.715451208417368,0.0549686614401805,0.054979268745188443
822,5.002923754359996,5.701814600180116,0.055690314758780765,0.05570117494295638
823,3.2064919456027594,4.9914031469008675,0.03238479208860228,0.032346609231011986
824,4.260785913237896,4.983583379902495,0.05665833986659394,0.05664144235538481
825,5.488300099889576,5.8005886515185505,0.05563279994086303,0.05565113892883218
826,3.7132098567928287,5.0138372357336625,0.05491169254223652,0.05483699375352537
827,3.6924903382013006,4.995706317295721,0.05695048121155603,0.05688441559137703
828,4.711787960893809,5.528396783510662,0.05472469770160845,0.05472735661434442
829,3.272987706489181,5.0248444143560285,0.038863384900692584,0.03882453197395856
830,4.996140470171652,6.317947497042824,0.05390202423507981,0.05397346519907869
831,4.72567268311813,5.0089776164379565,0.039869714433673396,0.039869548952887565
832,5.7799038175802036,6.314439416938096,0.04294020324779559,0.042953934467053076
833,3.9460169782415027,4.979989142204391,0.056987123811221736,0.056922948384567185
834,4.02742846388842,4.998589972292583,0.05693318014800242,0.056897280223240365
835,5.000168312473495,6.040203791446125,0.058029023617573984,0.058088465909742586
836,3.8416402812643704,4.9996823743977465,0.0563512157945918,0.056319318222010056
837,3.934413972902739,5.001672090545502,0.05852002871496406,0.05846435288440232
838,4.200054750258614,5.017381670667567,0.05424713164698479,0.05422392962199228
839,4.164229575168804,4.986540649112971,0.057827510126716365,0.0577990942820349
840,5.013262126043524,6.35867620928823,0.05417721552971525,0.05424427687254033
841,5.620419286800587,6.0419642588283,0.05554628807300606,0.055572239535110465
842,4.362816175780069,4.996235552929606,0.055285225928499215,0.05527801371961626
843,5.017418755498016,6.050953924157853,0.05722979722254248,0.05728866550336227
844,4.793131541778132,5.361724936648077,0.0455357668712138,0.04553601686051586
845,4.160487353048304,6.465230575729887,0.04259020161858437,0.042615654890809956
846,3.4290993460200543,5.009878563581189,0.04546741651641267,0.045398696953255276
847,4.381793574354407,4.990833361604616,0.049519320908503896,0.04951507989897193
848,5.518507620970674,5.8880397060243626,0.058755088349208284,0.05878390974176212
849,3.908092482352439,4.975874687400884,0.057415245501625675,0.05737894885804805
850,5.341317851015181,5.557951812076939,0.05053959083925398,0.05054264868323822
851,4.810283776162931,5.304786349097484,0.03903196546870779,0.03903206682415368
852,4.409233903733337,6.042646340979924,0.056738347801816816,0.05677688441022677
853,5.347995455447957,5.55456959052198,0.05469601685892028,0.0546991627445621
854,3.734116714433107,5.025946940100912,0.05352417949487013,0.05347922047083796
855,5.442554488255322,5.743849577970526,0.05673079911204753,0.05674142991209917
856,5.011124260321007,6.314329094807388,0.05825213139093367,0.05834734511811648
857,5.008452074706192,6.224864259083048,0.056293663356971876,0.05636395210339805
858,3.7842627138757505,5.001366004332309,0.05652109330266486,0.05647365785540268
859,3.582370539585713,4.9933401175930845,0.048823792056300074,0.04878434283862062
860,4.667942508117829,4.975699023903003,0.03952280631919976,0.03952247915118833
861,4.348133593757426,6.134019398534958,0.05194808210240302,0.05196428412444577
862,4.18430551206105,6.461066411278836,0.03698380371959091,0.036997973077419366
863,5.003103490684669,5.949933389885093,0.056349142830819786,0.056366142078056486
864,5.012281152239402,5.896748944077782,0.05473239858198953,0.05476230344941354
865,4.707516537804562,4.9913374998620075,0.037860116707598306,0.03785994749403244
866,5.0211684281961135,6.111948596083078,0.05895456079381056,0.059027636855950846
867,4.992826273883903,5.8232296248035675,0.05543371687673678,0.05545010571599339
868,5.255549402873351,5.470050103655847,0.05029504059540016,0.0502971315787895
869,4.855641423468268,5.295125033034287,0.04259019047110097,0.04259032844009435
870,4.997162367538335,5.612007972486813,0.052563689448115715,0.052570274043606376
871,4.403718829831638,6.0298153183018615,0.05731282094372644,0.05734009564484166
872,5.022919444884796,6.4611528511355605,0.05089115945894609,0.050971410841038275
873,4.719006696228818,5.4830834327101785,0.04851394384274766,0.04851538751707579
874,4.509154568357269,5.8210946130899694,0.05756689056270254,0.05758203763698381
875,5.371964604999973,5.64598193162576,0.055047223290622775,0.05505310350568379
876,4.983819978411773,6.5078591326474475,0.049942078862534885,0.05002171928422006
877,4.478559992437746,4.971738556136211,0.04953683788154808,0.04953546346269203
878,5.466112453099789,5.797654051141666,0.058569229601550504,0.058577257503204826
879,3.8317723325133044,5.01517744489181,0.055753659996037166,0.05571684070523994
880,3.8472964881004903,4.994875058030294,0.055316933014488166,0.05524962603135349
881,4.173183142708433,6.458872006259839,0.03921777741473464,0.03923289019835329
882,4.9963841352049165,5.538021227507413,0.04875019461936326,0.04875193948480723
883,4.992110626554241,6.127222579246282,0.057684798391626574,0.05776203130456754
884,5.216577531794603,5.363485978537478,0.044012783285213096,0.04401316435034676
885,4.642170997198764,5.625712460248549,0.05209350450570923,0.05209928551251849
886,4.988579712352157,6.726581171324046,0.037418430640620066,0.037458386454777025
887,4.64173129668844,5.656010713312439,0.05604757898960783,0.05605280147708567
888,4.767662265129235,5.381973473219488,0.049919065699799155,0.04991998579083271
889,3.1434790694408417,5.014166005833916,0.02831899181323732,0.02829106870285009
890,5.766402605689603,6.323459683909698,0.045543128877861924,0.04555714555711794
891,5.006603940949798,6.229666691879915,0.0564544985349989,0.0565383158971858
892,4.647904082894174,5.001875648654462,0.0395361688452981,0.039536039214449634
893,4.969491940848428,6.190156397043959,0.05501515583543642,0.05508417960594034
894,4.968745654893945,6.218750357126943,0.054198746592125015,0.054267192955915526
895,4.041992668965987,5.019108024275661,0.0620827145071423,0.06202417198919785
896,5.020613267647707,5.755542459150154,0.05499122888361613,0.05500250021981614
897,4.7471144567616115,4.992731022307006,0.03630830406838937,0.03630821188665684
898,5.727151164189949,6.227832291962121,0.04980628226339828,0.04982633313679782
899,5.462422220451169,5.786551853521103,0.05426239663378018,0.05426793758696966
900,4.36008263572768,4.9966527641711656,0.05270042025782219,0.05269619627566589
901,5.449410343240722,5.800998591816286,0.05759431923531202,0.05761455329293184
902,5.385377170478376,5.639485704422033,0.05522639165230515,0.055229095580149004
903,5.2969285261237085,5.508389469897064,0.05158417880248818,0.051586263057964626
904,4.685341887193316,5.5713033145538855,0.052237000308201845,0.05223960089308465
905,4.996831188244551,5.900322185330365,0.05778856636987392,0.05780882545725003
906,4.987567185990869,6.698365300450575,0.040836095197587574,0.040875131071165006
907,4.576525432427176,5.721393279080785,0.05684080463794476,0.056845701456564784
908,4.044967955047074,5.0002466554613045,0.05580799357388746,0.055786961193649245
909,5.008002475778952,5.899664774800506,0.05461573005798607,0.05463449213166001
910,4.482686313254951,5.886888807566091,0.05860393362471137,0.058626956664938924
911,4.221713862570017,6.364971663834137,0.04525105027285891,0.045267478939473145
912,3.7777078761127854,5.01914579524467,0.054635279964717016,0.05456400954136352
913,5.580195942362512,5.98024814464252,0.05464850895676291,0.05466530961038863
914,5.856858021315426,6.472814825220893,0.036758388579116494,0.03677445749361619
915,4.987453354698719,6.446437396190572,0.04900306848893881,0.04904886942930357
916,3.947589414683096,4.968476389037916,0.057601470479897714,0.05753708666458635
917,4.3879632089782765,6.080190925942105,0.05855476851975373,0.0585988863073389
918,5.006923617556081,6.140004913095272,0.05600333023560829,0.0560284627071136
919,4.857830369627724,5.258392071584424,0.03634428434101086,0.036344343630930157
920,5.4936384630680175,5.854091368182954,0.054896911793229725,0.054907184780919945
921,4.198234722131343,6.419660944576687,0.04525411141758716,0.0452873852240943
922,5.4422910474850985,5.803704826831191,0.05776942404963137,0.05778250122678506
923,5.616963963195413,6.025576718004492,0.05701718813318248,0.057048704975561526
924,4.9952388983312455,5.806636882975308,0.05605508151081577,0.05606998651543345
925,3.983606479317978,5.017299451333477,0.057158897166797944,0.057129951961601116
926,4.259681808146059,4.99645636106759,0.05501350171340137,0.055001669977943674
927,5.58059912834349,6.04106618746373,0.05651570793777017,0.056536480057803824
928,5.0089870320430725,6.023747200446661,0.0571834696577763,0.05722368524336414
929,4.389056384976214,6.046718002910079,0.05685821989288671,0.0568911295606313
930,4.37604649263116,6.074008710279249,0.05768110751078496,0.057722120579014935
931,3.8190489567362325,4.998411909219162,0.057134955824930084,0.05705188617642983
932,4.153272564172392,6.470771216371641,0.040080737203663286,0.04009670857069499
933,5.00536634301058,6.496679454502343,0.047236978548388146,0.047278814271027564
934,4.9862102818153415,6.166804726321794,0.05663027821558074,0.05668324597248262
935,5.426595735892032,5.721797389885665,0.054631431514712746,0.05463965294291375
936,4.999037651270246,5.85463837717854,0.056982689656860694,0.057004571383345935
937,4.272717606254611,4.994101455330228,0.05438782660755502,0.0543758858112152
938,4.5834828075580125,4.989920195717545,0.045139121761042754,0.04513835264952018
939,5.0039824849016314,5.909549621622248,0.05824957595942195,0.05828035436706874
940,4.39664141647583,5.008508480525342,0.051489463067118386,0.05148420538246414
941,4.833829182662426,5.324854887859392,0.04500280920079359,0.04500323148377533
942,4.989283261120944,5.955003189143076,0.057265674621111574,0.05729516227334847
943,4.986367046075747,5.5940853370593375,0.04999621911879556,0.04999958012428786
944,5.002031573960974,5.56448312998641,0.05346784593488377,0.053472069592157744
945,4.983536485917767,6.666731576423841,0.04129875312128462,0.041350032013306684
946,4.994310196362339,6.650074225881909,0.04064971003022595,0.04069850325223186
947,3.381906846816062,4.995828869293328,0.04497562559299205,0.04489877201534263
948,4.430397940449736,5.002598490784261,0.05086661520048579,0.05086298609728287
949,4.5425711907718425,5.805611794030622,0.05931886246018925,0.05933998386651391
950,4.994145443169979,5.394926118672317,0.045526896630139736,0.04552722566752501
951,5.000255300711455,6.048149453048908,0.05728862831106699,0.05731732987662444
952,4.970310036483899,5.370162266514371,0.04004765014442524,0.04004797537769245
953,5.503630677867962,5.870870714174798,0.05841875145793606,0.058443221920303545
954,4.178825990002188,6.4604872170082,0.038871043929282874,0.03889027676348866
955,4.437561533780506,5.9640373492790095,0.05751290415655079,0.057542399194171534
956,5.573825587647038,5.999316036119318,0.056242688984444345,0.05626725044130956
957,5.003995571418404,6.494921613655369,0.04937239330055889,0.04945236791297653
958,4.462178014941447,5.967247264476435,0.059016991224753575,0.05903640170941527
959,5.020142476030913,5.470394616765996,0.047583978419752565,0.047584973282292574
960,4.524865230852825,5.801362044706211,0.056486881754454495,0.05649869965928731
961,3.607876992271903,5.007929166626407,0.04790124750744738,0.047862473319160666
962,5.010637632387761,5.610405527057829,0.053789126423837694,0.05379561720602059
963,4.561445096177985,5.7666856560180335,0.052445355996702865,0.05245375758532732
964,4.127313953966955,6.507700968355932,0.03506827424702672,0.035083669219751965
965,5.006632692297145,6.386480739104036,0.05164093223482832,0.051709120354290795
966,5.564520244270076,5.981606732576299,0.0538921261416488,0.05390388750003551
967,5.27460977127631,5.499040199033006,0.04980700277931859,0.049808278376016445
968,3.484671182835538,4.976302945668754,0.04800322916883287,0.04794691326890851
969,4.867895816099992,5.230396052214387,0.036473648366323726,0.03647369441095283
970,4.984554658108246,6.042309114942385,0.054880988862398006,0.05490396901312144
971,4.997235707806991,5.814458736636089,0.05523579775526895,0.05525210455515639
972,5.005078114234772,5.872174043507476,0.05764446235192118,0.05767210327603451
973,4.459438825439452,5.939958170312823,0.05430634458450215,0.05433366015847284
974,4.731539110184097,5.442257305669375,0.04950589979074519,0.04950623311205513
975,4.429621701909817,5.0028020661220465,0.050154146486692024,0.050150706158682085
976,5.557607986511899,5.964102904878032,0.05682494402530506,0.05685555315382769
977,4.99735154273862,5.470845651784573,0.04727073298935702,0.04727187635251136
978,4.995900049783569,6.241943090320139,0.054825710862386516,0.054868688145531856
979,4.258531925559551,6.2834769803744805,0.050369896076689194,0.05039938031109374
980,4.526928466742403,5.8501196836862475,0.054068521221332676,0.05408116376494554
981,4.140295233039932,4.989362335981994,0.05772807510804346,0.05769746049618418
982,4.7639551895605665,5.399996089824747,0.04591196938005365,0.0459125728518693
983,5.670075016253713,6.174660088688116,0.05105508576997333,0.05108786799987023
984,4.174321073856571,6.408029421100956,0.04083485852385841,0.04085147973301688
985,4.9845406178837335,5.837208594947192,0.054646733724953524,0.05466369795270085
986,4.415363433595617,4.987031768606757,0.050650270431920795,0.05064736215262676
987,4.444493134019958,4.996976724213061,0.05412929308038232,0.05412568756959952
988,5.0128465595423055,5.642322161984746,0.055956222765348076,0.0559650844812069
989,4.356084025120969,6.118434582534068,0.051043259776999576,0.05105566492339917
990,3.8894211265398515,4.9941499431150325,0.05525051709500302,0.055197186226886824
991,3.3783813565052956,4.99140589824002,0.039584588696236454,0.039534145957329445
992,4.372365848620604,6.052378486359098,0.058017911779643556,0.058049897535042604
993,4.208774624709396,5.010984031099268,0.05585417248314578,0.05583842123002358
994,4.343404472967681,6.134461250926532,0.05242616404213407,0.05245518893988216
995,3.373910231728946,5.012205541480754,0.04462763638808999,0.04456345115979552
996,3.7486843606842264,5.019830503817737,0.05495502133454726,0.05489922904041786
997,3.9124661365552886,5.002996785997003,0.05749815384130339,0.057444792293018
998,4.9955704415224105,6.003222963137578,0.05732046502868793,0.057368719005235685
999,3.5801542000124127,5.00035054287688,0.05308243183721392,0.05303659997163143
