,real x,real y,x fit,y fit,x stderr,y stderr
0,5,10.0,5.00817208005101,10.023816845860402,0.01879326921299233,0.03649875072737681
1,5,10.0,4.99315947101614,10.01910355963336,0.020579242629342406,0.03917997710245552
2,5,10.0,5.000498320236789,10.022366798738062,0.020980999414123815,0.039556918921258316
3,5,10.0,4.977088715365436,9.992223046416608,0.018211734980253372,0.033274199955528626
4,5,10.0,5.019334729971179,9.98014539984913,0.017651020854585395,0.032538649190109646
5,5,10.0,4.979920629068084,10.02793671858164,0.018811500357996103,0.03579376492062103
6,5,10.0,5.00079503119761,9.913043634974319,0.018562380973380362,0.03109596257231239
7,5,10.0,4.990135115208274,10.000625673188118,0.02076370140058757,0.03887279327989698
8,5,10.0,4.970429774642827,10.013778136544433,0.017883302266906497,0.033823308790605494
9,5,10.0,4.986889926908247,9.972750177088974,0.018716451634392638,0.03412535595498985
10,5,10.0,4.995568607007652,10.003711531402171,0.019159314814194698,0.03591468535152868
11,5,10.0,5.02238748776845,9.982126494749355,0.016892687538497035,0.03092085207068028
12,5,10.0,4.983932337662383,10.0363209824861,0.02005199980561905,0.03835061050161279
13,5,10.0,4.996920570564545,10.055205153847721,0.017819729764813372,0.03552663040204639
14,5,10.0,5.006339422087214,9.932381512541648,0.020099510410234448,0.034098659511179394
15,5,10.0,4.969881558674197,10.0153091849707,0.018825483914755962,0.03541627042427797
16,5,10.0,5.001754965798472,10.00019320183888,0.020024755983255645,0.03679169887707923
17,5,10.0,5.027089190289244,10.024477774909412,0.01766968559831392,0.03369619425872551
18,5,10.0,5.010546903393598,10.024273890461954,0.02038267651128875,0.03871764959639774
19,5,10.0,5.008165622302371,10.067900204455102,0.019900440808290037,0.03912227877821926
20,5,10.0,5.011187552282107,9.95768481599537,0.018614131464550418,0.03289094567280151
21,5,10.0,4.986669368858684,10.01493411279835,0.017733718477085957,0.033088187638747366
22,5,10.0,5.0071732556233846,9.973589537693403,0.02082306839048208,0.037566075226087806
23,5,10.0,5.018506881325376,9.966615068153432,0.0192981439637591,0.03404743317351854
24,5,10.0,4.9904192149824995,10.005967134109238,0.017666330368927344,0.03290516503472672
25,5,10.0,4.970548362791861,10.036536441700061,0.020503861336075794,0.04026051442067175
26,5,10.0,4.993787601260897,9.966902508965465,0.020916512654599106,0.03697254193277301
27,5,10.0,4.969400643076278,9.992124496169897,0.019971727227247816,0.036415710562468305
28,5,10.0,5.0117252082933845,9.975424867382575,0.018936095071425386,0.03375420843659762
29,5,10.0,5.023996331698033,9.989117069607206,0.018115134618681222,0.03414690625917398
30,5,10.0,5.002156614808718,9.929794931792959,0.01908610519266481,0.03259032021585347
31,5,10.0,5.022295234259762,9.982212459952835,0.018857631321936838,0.03419252941567725
32,5,10.0,4.9885889224642765,9.991831594858834,0.019994067446128513,0.03701410421044437
33,5,10.0,5.007147052665605,10.014134506505568,0.019217933535399134,0.03632042757993355
34,5,10.0,5.044644566510647,10.028764342025982,0.019160140995145524,0.036344655284686306
35,5,10.0,5.001026141719466,10.007822149573748,0.020332338194792673,0.03797808819758297
36,5,10.0,5.0139944298635415,9.949870607629329,0.018758514684928587,0.03307423845069251
37,5,10.0,4.984205820169622,10.031390528195065,0.018455105684751675,0.03490176024523799
38,5,10.0,5.0080989994043765,10.009734109212143,0.020238581059369442,0.038253170578520665
39,5,10.0,5.0098468802166645,10.026587721989044,0.019749249957489154,0.037579766466221555
40,5,10.0,5.0242427538692915,9.994428600387167,0.019080414370695086,0.03518578671864946
41,5,10.0,5.014912631084899,9.989922112003525,0.019886442277295927,0.03701106548787902
42,5,10.0,5.009778569254079,9.973201831300415,0.01903464448207762,0.03373088167130274
43,5,10.0,5.029629032091844,10.110672864485114,0.02188658264196077,0.04662492612209101
44,5,10.0,5.011270422659601,9.994272331370151,0.01876965629260156,0.03518853095716741
45,5,10.0,5.006322368298333,9.992106236543908,0.01951804533560792,0.035826992049643264
46,5,10.0,5.004779508715776,10.053415190882454,0.019302448405700324,0.03748573593854091
47,5,10.0,4.9845792472302355,10.04565517131628,0.01885525189400015,0.036850346424852354
48,5,10.0,4.992809656821883,9.963526648145322,0.02019372993218933,0.03621682122497274
49,5,10.0,5.02846887551512,10.026032021471623,0.019372317163352984,0.03698198563833651
50,5,10.0,4.982774346802258,10.031088606318313,0.01861519033748539,0.036223651659936795
51,5,10.0,5.016185995722363,9.931930944728174,0.020284572946266698,0.03417091513989958
52,5,10.0,4.976890506752102,9.995706630150758,0.019689197822000234,0.03689949203801161
53,5,10.0,5.017012228856707,10.035515921274765,0.020792891559934967,0.039931080782721874
54,5,10.0,5.004135816558366,9.968063515518127,0.019041630687790006,0.03406133784636993
55,5,10.0,4.973510528311295,10.017538481303836,0.019438408568538245,0.03666652296878768
56,5,10.0,4.9763101188761505,10.028077314610803,0.01936865123888874,0.03782049279745469
57,5,10.0,4.999923549186692,9.972092167587371,0.019608096457406205,0.03515513899554858
58,5,10.0,4.992340757766498,10.002247759922973,0.018441834146500594,0.03401409581177424
59,5,10.0,5.016985627904692,10.068568955776117,0.01979984732323324,0.039781024929049384
60,5,10.0,5.002609752503761,9.945774182815537,0.018342766827914803,0.032167484263589306
61,5,10.0,5.003332250240792,10.053218475367743,0.01999521019633144,0.03897016421497767
62,5,10.0,5.006062721375999,10.02391752536978,0.017430284402597484,0.033360137921100964
63,5,10.0,5.019941500765067,10.060259871031779,0.01914289397806301,0.03850996641776274
64,5,10.0,4.97417917716727,9.984953825501577,0.02147978015202124,0.03930794073397214
65,5,10.0,5.000477432608381,9.991211583451157,0.019151500945466547,0.035218164790087506
66,5,10.0,4.989384876538574,10.042428082334037,0.01800562926570676,0.035239958099055
67,5,10.0,4.9521608716109995,9.98371487430634,0.020332229536129773,0.03743262603901488
68,5,10.0,4.997430690867145,10.006061906011778,0.019173810343967427,0.036829677297516926
69,5,10.0,5.006076422659298,10.049555553799523,0.019314304219020726,0.038107975072369696
70,5,10.0,5.033497852866157,10.013883055262776,0.018268083238498135,0.034439776357430854
71,5,10.0,4.999680658464591,10.024093348187508,0.019317683301093166,0.037446860208736096
72,5,10.0,4.996432760926041,10.018997113966009,0.02017781585120684,0.03842764301230196
73,5,10.0,5.007155599450371,9.959749830409812,0.020556987061527865,0.035787458783186406
74,5,10.0,4.993661449012225,10.005170640762229,0.01868802728548612,0.034426223141761705
75,5,10.0,5.011446318811118,9.998256723413705,0.019004905408506398,0.034605225825238735
76,5,10.0,5.016644571702361,9.99555159329148,0.02016411125458238,0.03680994039604945
77,5,10.0,4.99507375042129,10.051122817540769,0.019440124983012754,0.0384371348517508
78,5,10.0,5.0024504770555644,10.009759360045535,0.020023063258321882,0.03822819690661171
79,5,10.0,5.037254701218466,10.012995141957965,0.018473626822575404,0.03444739424153836
80,5,10.0,4.998250814884887,9.975879490647882,0.017914321873035204,0.03234369502654751
81,5,10.0,5.034533214023559,10.045282647937556,0.01969360167546815,0.03871463054598769
82,5,10.0,5.017817613201683,10.01370070471682,0.02072541391138577,0.03950852899764942
83,5,10.0,4.989742713073298,9.988917041281647,0.020348205841899187,0.03762707290494362
84,5,10.0,4.971375414755002,9.97600349128811,0.019466579373001582,0.0357428103896322
85,5,10.0,5.001397087081936,9.976183037091602,0.018800312702929534,0.033883826074343454
86,5,10.0,4.981773643730652,10.009768439192628,0.019758439180170853,0.036753400618105954
87,5,10.0,5.025027443123351,9.96573354206562,0.019414213942125943,0.03450688367408566
88,5,10.0,5.008129621977465,10.043094346488642,0.020095143855226042,0.03873337270411084
89,5,10.0,5.010321236294884,10.0534678031663,0.020536859896974916,0.04064251689019128
90,5,10.0,5.011331922436457,10.021913835593715,0.018412791647938898,0.03589018788708012
91,5,10.0,4.972356372363661,9.938896649290566,0.019929165434586886,0.03379738208894009
92,5,10.0,5.038517824180043,9.979333827364853,0.018187360600459914,0.03358457527149161
93,5,10.0,4.99842878213428,9.972524733100588,0.019820473491867368,0.035430510897202935
94,5,10.0,4.979874585148562,10.00231739573053,0.01802282088690158,0.03377677998441602
95,5,10.0,5.001211100746423,10.018749792974543,0.018653585121366934,0.03502784598887094
96,5,10.0,4.965900925866238,10.007086430526055,0.019401708799210483,0.03728540244964962
97,5,10.0,5.047618305337552,9.997360910996877,0.019393957648483097,0.035531685383224765
98,5,10.0,5.005755270999436,10.030825399184488,0.019777955969950047,0.038761164676569586
99,5,10.0,4.985842727785115,9.964362864930306,0.01884964906282746,0.03385408291808578
100,5,9.5,5.0033965839176515,9.508307798786722,0.01635211133530875,0.020832739032630138
101,5,9.5,5.023834377797471,9.55059353416141,0.017395812127348677,0.022884303520173455
102,5,9.5,4.996486363989579,9.53331711231083,0.01709409794187682,0.02160523656055623
103,5,9.5,4.9898991481642705,9.504502143316333,0.015673211123785696,0.019824782871016477
104,5,9.5,5.022525995684917,9.434916286471324,0.016762342091208093,0.019757595214725365
105,5,9.5,5.00239740505975,9.52488646462483,0.019014935899639505,0.02355088875541192
106,5,9.5,5.020166392517946,9.513328616898102,0.016686832541491614,0.020485273846456865
107,5,9.5,4.96346765116855,9.572959747502273,0.016728224052906495,0.022267745895065826
108,5,9.5,4.9804422458966755,9.50653196968593,0.017773739495287984,0.022142685737851695
109,5,9.5,5.009663697116616,9.507679434001194,0.01761808847831181,0.022132325604076217
110,5,9.5,4.962557989932269,9.496495272542482,0.01671277184274953,0.020814877046039224
111,5,9.5,5.001728758736313,9.456182884874972,0.017517684789104114,0.021353327718341808
112,5,9.5,4.972494947008897,9.509893427089636,0.01786526673409814,0.022398077898752845
113,5,9.5,5.004095076671726,9.50294149678164,0.01579476304373348,0.020142347815863566
114,5,9.5,5.040658703355768,9.490072091484343,0.016702999364515535,0.02077921282115668
115,5,9.5,5.034498633492776,9.503021094212183,0.019354134747453792,0.024241524419942165
116,5,9.5,4.9901174881211166,9.520468524098566,0.018149402660801586,0.022552317202545993
117,5,9.5,4.9644446671928835,9.511534954359728,0.017227091476509405,0.021437685605724104
118,5,9.5,5.013468239465357,9.478945618239567,0.01601764764811845,0.01901495564852626
119,5,9.5,4.9731326382211245,9.545180049513725,0.018619219732507603,0.024318323357152352
120,5,9.5,4.99300574587642,9.489545961900228,0.018250860928200646,0.022909012460745743
121,5,9.5,5.003659812553594,9.474219259639366,0.015738350308194555,0.0188240793178621
122,5,9.5,5.005179997511455,9.454514290794236,0.01876898762020221,0.022286195641463318
123,5,9.5,4.974902210994007,9.486974726303815,0.018090290277554166,0.02267391075653561
124,5,9.5,4.978150053132775,9.496093624193591,0.016826351953090745,0.020898733266864315
125,5,9.5,4.980436229191026,9.50906905313176,0.018621841143874714,0.023561305040799584
126,5,9.5,5.018274594816888,9.47895217071756,0.017521123694202907,0.021785316863654192
127,5,9.5,5.03799616771569,9.512036617845812,0.016735866321429437,0.020865090832749553
128,5,9.5,4.983334052372681,9.520192962746725,0.017754457025171016,0.022188915792563362
129,5,9.5,5.002551723238859,9.488783161659237,0.017206972097633874,0.02142339934343287
130,5,9.5,4.98782325075425,9.470104618168275,0.016636421249728816,0.019816158569138983
131,5,9.5,4.9949150396263855,9.544034293003081,0.017958354927324827,0.023631259381874277
132,5,9.5,4.995964646040583,9.53024630667821,0.01690767657782249,0.021043182188437433
133,5,9.5,4.977711880520913,9.542804517592836,0.018454737678562226,0.024418811632722904
134,5,9.5,5.009976958178824,9.53819124908737,0.01775414999610275,0.023650657488778815
135,5,9.5,4.991060735297863,9.48876028841006,0.01767357455016165,0.021394556505478477
136,5,9.5,4.999284071510247,9.518492992392698,0.0188470174491682,0.023995059553917123
137,5,9.5,5.003698711775986,9.482809585272195,0.017770199740447724,0.02100308757699345
138,5,9.5,4.977431057739374,9.519687649900034,0.015875665409367933,0.019608345760530433
139,5,9.5,5.0272020986998305,9.474136489864629,0.01704217962092216,0.02033458787900234
140,5,9.5,4.977824726600742,9.524656768281803,0.018192724288219674,0.023237719954407505
141,5,9.5,4.996312495113417,9.463436867416267,0.01795986264365034,0.02123023694582764
142,5,9.5,4.996589806718759,9.468760338024277,0.017959915992163056,0.021677004596745545
143,5,9.5,5.033333277760818,9.49270007042786,0.01785067828108409,0.021499675679831135
144,5,9.5,4.990068916544828,9.516521826216993,0.01815289116610044,0.023463074255213837
145,5,9.5,4.990129274590729,9.536927391632698,0.017093223506257655,0.02147440447054692
146,5,9.5,4.990523429511598,9.505371479484877,0.01757382080204936,0.021909139806277716
147,5,9.5,4.9889411142452005,9.492448598283561,0.019298210937856313,0.023714234935060835
148,5,9.5,4.9927168116142395,9.523989019282112,0.01792450469159907,0.022721898439779863
149,5,9.5,4.995170028424195,9.4410250500845,0.017059591939696715,0.020293583668934502
150,5,9.5,4.991117679474326,9.481423843099945,0.017988554600710704,0.022289642988233122
151,5,9.5,4.99330026697511,9.518974565665557,0.01772310124238128,0.021618345624363308
152,5,9.5,5.0120810978378545,9.494098593944267,0.01890935654398267,0.023279404086115323
153,5,9.5,5.010563393970483,9.498969692351181,0.016406966966827863,0.020744249647578136
154,5,9.5,5.006397289743774,9.484606475771283,0.01801166689685475,0.02140763102717891
155,5,9.5,5.000599836060631,9.495635655414949,0.017962885290468987,0.022160168500504087
156,5,9.5,4.999888543622494,9.480895185161298,0.01869864120437899,0.023200353052586244
157,5,9.5,4.977399315081789,9.506136892377123,0.0187486773137099,0.023283919376276864
158,5,9.5,5.016380616277485,9.501188677572227,0.01779635813442016,0.021502021793891588
159,5,9.5,5.000026585515535,9.513896925551862,0.01683808027265667,0.02133984081240203
160,5,9.5,5.00404720737071,9.516293443867427,0.017574619750399645,0.021890809634113145
161,5,9.5,4.98543569669714,9.50280469713383,0.01692127401589086,0.02027612107700131
162,5,9.5,5.017727836768143,9.48281588387104,0.01653200971223142,0.020056150407500837
163,5,9.5,4.998783527437906,9.532780699243748,0.017036385916581503,0.02116357660569307
164,5,9.5,4.991516321728798,9.506110550986131,0.016984529238866314,0.0217256521130967
165,5,9.5,4.974011063331748,9.517257306590144,0.017003341117810968,0.021565223260252026
166,5,9.5,4.96109540465496,9.472599471775247,0.019306042023676664,0.023476141708021547
167,5,9.5,4.9858964115430675,9.54010185759783,0.01760561599840983,0.023090332117387424
168,5,9.5,4.980562604562111,9.485300415324511,0.01735752551074211,0.021598101594379887
169,5,9.5,4.9925417025301115,9.511789721413644,0.018123336925620334,0.02299373150842909
170,5,9.5,4.9850776852704834,9.483445631822347,0.018203332195699348,0.02190716542778863
171,5,9.5,4.982563024538014,9.586488226858586,0.01677290063664921,0.022721673414605657
172,5,9.5,5.006352382330077,9.523792519600867,0.01861460939680797,0.022945368368086673
173,5,9.5,4.997705993637241,9.488509682858245,0.018168142363325902,0.022599287871589494
174,5,9.5,4.993405196599052,9.49719691619886,0.01851577791829376,0.02248402369764615
175,5,9.5,5.012892927158386,9.489811910436588,0.01758796922148041,0.022033121541910988
176,5,9.5,4.995946091794374,9.475727673456035,0.016463812582281127,0.020065965075912028
177,5,9.5,5.009577659432606,9.497709082893921,0.01943666004907673,0.024061486797433144
178,5,9.5,5.033800314640334,9.497660912955252,0.018037812785927004,0.022519595222702568
179,5,9.5,4.999620993041752,9.48350867544815,0.01706902477283366,0.021506870238633454
180,5,9.5,5.0040610638999645,9.572251739037975,0.01820696494117494,0.02431924309300934
181,5,9.5,4.996284845404937,9.52451200558556,0.01901180655318828,0.023615388590434598
182,5,9.5,4.985433831319835,9.489429242409756,0.01583227528472606,0.019525870471110394
183,5,9.5,5.008208034010353,9.549677573722116,0.01795141773601875,0.023157561274492262
184,5,9.5,5.000448691142263,9.481118145749683,0.016619043865816974,0.019843715244906718
185,5,9.5,4.992160312323039,9.497597319608294,0.016527728808048467,0.020349112782588028
186,5,9.5,5.00246523959343,9.457171655684203,0.017154775288345806,0.02078518266891844
187,5,9.5,4.984576469335548,9.537318677178243,0.01693177149795746,0.02159705412122875
188,5,9.5,5.03015092264007,9.519780347792823,0.016701610288966214,0.02085941299541094
189,5,9.5,5.031422768408623,9.493021126930229,0.017736820465019145,0.022010560042626092
190,5,9.5,5.0253251250146,9.522879557273358,0.017831715733462507,0.02212974808536309
191,5,9.5,5.027275162665379,9.497686723691524,0.0191769439670075,0.02330469097438796
192,5,9.5,5.008141965799475,9.534603152295979,0.01836725801456449,0.02353841578474955
193,5,9.5,4.998578482353586,9.481135376353691,0.018583339426126805,0.02308248140647773
194,5,9.5,5.026475125070194,9.4760145103461,0.01646198432637639,0.020100989187159073
195,5,9.5,4.968991787379838,9.50071610937003,0.018355482912497386,0.023213318402432993
196,5,9.5,5.033066476826719,9.470433408900403,0.0186319012695262,0.02267989474251424
197,5,9.5,5.053024216352081,9.481485324310425,0.020257413613086896,0.023938853009243675
198,5,9.5,4.99037319751903,9.491241486096342,0.015162592711106638,0.01904922114159344
199,5,9.5,5.007062952334395,9.489858519442794,0.017367420589329816,0.02149796458686544
200,5,9.0,4.980179752520688,8.988237645853008,0.01638561347132251,0.016818106756839594
201,5,9.0,4.994898432616586,8.975825426582082,0.01568420344209653,0.015997655708868297
202,5,9.0,4.965799021287864,8.96945528226715,0.01805064288421177,0.018341767526163764
203,5,9.0,4.98830907194726,8.991493845375077,0.016553855531745036,0.016850765977448008
204,5,9.0,4.988583862611185,9.017490891713802,0.017243633413011883,0.017667323605238684
205,5,9.0,5.00848710264251,8.990137697565627,0.016137849470461683,0.016215378753964605
206,5,9.0,4.987780673250419,9.01100974076694,0.015850190949849675,0.01658205037014525
207,5,9.0,4.99660553243428,8.974347281034309,0.01729644205622192,0.017762925083740624
208,5,9.0,5.008898453435678,8.993003687623217,0.018468617915835088,0.018882731848007626
209,5,9.0,4.996050010685508,8.995445556358462,0.016434523127369892,0.016960617652855024
210,5,9.0,5.0032591264675155,8.999535459517075,0.016973784749252666,0.017220426790033005
211,5,9.0,4.984327767461721,8.984177662716577,0.017501443439191876,0.018154972675553
212,5,9.0,5.010754148240494,8.981973401768984,0.016389831644753033,0.016909093868745083
213,5,9.0,4.986935333726625,9.024782827462792,0.01715929695275184,0.017772107966728085
214,5,9.0,5.005965190035164,9.0068607642097,0.018495232194482205,0.019499969516327178
215,5,9.0,4.987911326430926,8.994335006206201,0.018274236100031618,0.018695672083596394
216,5,9.0,4.981634824364666,9.00095598116287,0.01849790147674256,0.01946381802388919
217,5,9.0,4.995533737184088,9.024120598954376,0.01678902272399937,0.017494436345370894
218,5,9.0,4.977252133743187,8.990480859243068,0.018541250252667403,0.019067884300053323
219,5,9.0,5.011982323815606,8.98210208741938,0.017690973070299463,0.018641176875573543
220,5,9.0,4.989504261252595,9.00528981661052,0.017141350663790512,0.017703688596800084
221,5,9.0,4.992959773097212,9.006435566343132,0.015407945002409757,0.016002749758458987
222,5,9.0,4.979436416021321,8.982686613679121,0.01693390855796925,0.017146711845194455
223,5,9.0,4.998966848386809,9.007543350753236,0.01594342084863639,0.016839545955493338
224,5,9.0,5.030586192504889,9.020208446695467,0.018481154424325807,0.01925225544605325
225,5,9.0,5.0149677321247115,9.001790528168687,0.016835563520371445,0.01753516453832018
226,5,9.0,4.998400947602245,8.986971918265958,0.016947916030271664,0.017300519095980803
227,5,9.0,4.994903215204273,8.996468339220772,0.01588009283398971,0.016658936575698828
228,5,9.0,5.0016010426448805,9.000508330733966,0.016167805770625064,0.016814015368542892
229,5,9.0,4.995764389870427,9.000435739696842,0.01625548874637091,0.017156710679657627
230,5,9.0,5.006221555970026,9.005420132379518,0.01675489183583604,0.01780184507930299
231,5,9.0,4.967499646211677,8.965070696019996,0.016541971795144883,0.017450287916266072
232,5,9.0,4.966651111286518,9.001877115489155,0.01827861096282521,0.018919273592501663
233,5,9.0,4.984143391820437,8.993753221538029,0.016434196938177204,0.017183837551126197
234,5,9.0,5.002868079273944,9.004000894090376,0.01710230405050503,0.017755270511369218
235,5,9.0,5.019857048256434,9.01133789676961,0.0159288017719018,0.016303112836125015
236,5,9.0,4.977655261333112,8.978029426267804,0.01724777018710812,0.01806001050070924
237,5,9.0,5.004588493329851,8.989268321157388,0.01741924983907814,0.018216432002626404
238,5,9.0,4.997051840156024,8.97808394648334,0.01669839849242541,0.017176483754906623
239,5,9.0,5.015607708809641,8.985955908563916,0.018288485670929,0.018703542726497387
240,5,9.0,5.009336099585153,9.008495511750967,0.01701256737130538,0.017574339438887886
241,5,9.0,5.020037182338906,9.000515578346905,0.01660361071401519,0.017007233251105168
242,5,9.0,4.9796170646740245,8.998985238801032,0.01830068251019222,0.019293870927578134
243,5,9.0,4.987805442658535,8.998356038185696,0.0170805893626535,0.018145153162940797
244,5,9.0,4.974716077740193,8.978520831302575,0.018317595238726742,0.019310699067208125
245,5,9.0,5.007538799480841,9.016315740274587,0.017506872156722992,0.017798850686137416
246,5,9.0,5.008905750860424,9.008428431356513,0.017929043378086186,0.01861923843059342
247,5,9.0,5.008706652906876,8.99947099848562,0.016762558498007524,0.01728821344707038
248,5,9.0,5.033350154250097,9.00570717083362,0.01803534372123865,0.018993201195922987
249,5,9.0,4.999544433274306,8.983277457637811,0.01691027806139078,0.017693058157561146
250,5,9.0,4.988893592213224,9.012400848613897,0.0170684826993478,0.017609335516298133
251,5,9.0,4.978832467221517,8.979922270550352,0.017239503857083775,0.01787639144576657
252,5,9.0,5.02794462623749,9.054916201645375,0.01672247850221244,0.01749195582805715
253,5,9.0,5.022814460045701,8.975872636485724,0.017195960699392658,0.01782679820523643
254,5,9.0,4.986026889433991,8.98071725641943,0.01946475918196932,0.020479036994073968
255,5,9.0,4.982635504427471,9.004117343637933,0.01748375694987662,0.017987069948900113
256,5,9.0,5.008841397879257,8.977036737471362,0.017715311569588714,0.01796098154495507
257,5,9.0,4.989036298579223,9.01430788249067,0.01614959787319027,0.016888449792600298
258,5,9.0,4.985764566365799,9.006774480392856,0.01653175784347156,0.01696485433217065
259,5,9.0,4.97353228680193,8.978519109448177,0.01628203648062299,0.016886171483739814
260,5,9.0,5.021955601079105,8.989181330118287,0.015579655177227633,0.015764934574479837
261,5,9.0,4.98716712137917,9.001580168545457,0.01770103138563986,0.018662330855982387
262,5,9.0,4.998371050818009,8.998661757398303,0.017855456573256025,0.01844025547290855
263,5,9.0,4.990965838391256,8.96976679779501,0.01711171128464594,0.017607316593738567
264,5,9.0,5.059983515283728,9.005368626490553,0.01714130885078044,0.017760747011631852
265,5,9.0,4.994338004953147,8.96433228421058,0.017990256573433984,0.01865745070484279
266,5,9.0,4.990539424242148,8.985277845520672,0.016362987571805564,0.01724721607400617
267,5,9.0,4.980439113159665,8.984720553826817,0.01785315293074334,0.0182550462141319
268,5,9.0,4.995111071112287,8.996174145656894,0.015480776793182232,0.016114994792099855
269,5,9.0,5.055609453373629,8.984918793281139,0.014678297419079169,0.014823578771047641
270,5,9.0,4.996347800794018,9.005146348726766,0.015609128408799819,0.016102416074936034
271,5,9.0,4.985308432163868,9.01852201378458,0.01789516600571964,0.018886317434114713
272,5,9.0,4.9765651148194845,8.990636723185187,0.016807138429959227,0.017331233203636384
273,5,9.0,4.992161051219106,8.997864474678781,0.016461202338233366,0.016951560383686295
274,5,9.0,5.022561838054584,9.00037092503051,0.016781761141726005,0.0172468511913366
275,5,9.0,4.979054058874583,8.987331694042421,0.01554108809969828,0.015552697265012386
276,5,9.0,4.987858519942287,9.00669911107822,0.017157085584665513,0.017856976668785475
277,5,9.0,5.014535174152386,9.01970431925603,0.017827277074351822,0.018380470177198727
278,5,9.0,4.982725732352722,8.993675231884307,0.016622685450961714,0.017734110909208668
279,5,9.0,4.995617764408646,9.005043533705415,0.016724696575007993,0.017279547372776767
280,5,9.0,5.0174659581198275,8.998230975501114,0.018045942429970475,0.018724917213701488
281,5,9.0,5.020738648505825,9.007704670848296,0.017187452479890494,0.017962630880025577
282,5,9.0,5.02204919492286,9.00091141025414,0.018463034781393578,0.018941578196590113
283,5,9.0,4.980079927468893,8.99685032869445,0.01761243358709935,0.01829895715238483
284,5,9.0,4.986533065712322,8.967693910314063,0.01754569393128757,0.018045486152577273
285,5,9.0,5.002596427407548,9.03794534247979,0.017834165895383385,0.018422362469704568
286,5,9.0,5.009131469878788,9.012814338429092,0.017452854942230332,0.018364339187545427
287,5,9.0,5.044123954897388,9.015962276310844,0.019003349034041387,0.02016227358174646
288,5,9.0,4.986567761948549,9.032277054435907,0.016944758408327248,0.017825829981346363
289,5,9.0,5.020430699577488,8.992952296665443,0.01860644597488243,0.01896680239730556
290,5,9.0,4.991173381753741,9.000379152725587,0.016999656421461232,0.01726256758880452
291,5,9.0,5.00048317318274,8.998186771139297,0.01704898174892268,0.01779496433733065
292,5,9.0,4.992993472901673,8.974618636329426,0.017026035933893815,0.017475403685741634
293,5,9.0,4.988019295929582,9.051159671253043,0.016851481684267238,0.01755362901558582
294,5,9.0,4.977038620073948,9.022007220502859,0.017221245958273804,0.01776415294027463
295,5,9.0,4.994225569208838,9.002626244509175,0.018686327634266534,0.01933439180978924
296,5,9.0,4.993932212031028,9.014255826657058,0.017695756426441802,0.01826326559953457
297,5,9.0,4.996731646837629,8.996619142999277,0.01618741810722605,0.017077722038996032
298,5,9.0,4.99198835427124,8.996399836814106,0.01707539714161817,0.017882200774524296
299,5,9.0,4.9917486868417695,8.969945757948755,0.01826637228024867,0.01912807259783383
300,5,8.5,5.023666573868166,8.496982208887486,0.016365455517746135,0.01646579339287458
301,5,8.5,5.004017973041773,8.508794656488321,0.016461725147740008,0.016581822471284435
302,5,8.5,5.007823717272088,8.513958091269533,0.016446730774713616,0.016295367335277384
303,5,8.5,5.002413600068433,8.468963705672243,0.0167818060157083,0.016905146598239027
304,5,8.5,5.011923598145692,8.475147636667963,0.0178719213917645,0.01796730480999262
305,5,8.5,4.981453277703094,8.481562640451989,0.015414479216886507,0.01544375487890474
306,5,8.5,4.9886529125692505,8.474663398432629,0.017558742006831985,0.017212231270655826
307,5,8.5,5.023373803459425,8.505644859603168,0.016731354114369885,0.016698948325283552
308,5,8.5,4.991200668164382,8.493802315549631,0.016473698190100326,0.016576044227718557
309,5,8.5,5.032068030587843,8.51385195002986,0.01790375900442702,0.017957664509083482
310,5,8.5,4.998778185360807,8.470904814670009,0.016755748583862373,0.0168819960469651
311,5,8.5,4.96708024078818,8.476948920088283,0.01746950488461489,0.0175868791554209
312,5,8.5,4.9804701674250955,8.482321580550805,0.018669912353928692,0.018598856511517076
313,5,8.5,5.032496921939695,8.502685785541402,0.01612053465062185,0.0156805472566589
314,5,8.5,5.005244259180218,8.514217791218254,0.017404076575754213,0.01735680343351415
315,5,8.5,5.016270785369838,8.539796572556686,0.018026424899439644,0.017743516216813134
316,5,8.5,4.9884127808476,8.4960653767084,0.01783538291877865,0.01785643675700311
317,5,8.5,5.000004954342645,8.500026572314303,0.016662849041293976,0.016780873680592088
318,5,8.5,5.011420616581497,8.489419764609591,0.016193543141959723,0.016044282929429193
319,5,8.5,5.012897498586327,8.511454290089516,0.017140608550471594,0.017187287367517106
320,5,8.5,5.008274228914886,8.490983042394047,0.01709597441847731,0.016776914454904517
321,5,8.5,5.0042260645300045,8.49094303327721,0.01857002464420761,0.01838008385946611
322,5,8.5,4.974422783385386,8.481170635240721,0.018490834182319428,0.01845503911343998
323,5,8.5,4.993854871328853,8.527180975952978,0.01681644974677721,0.01689061786981281
324,5,8.5,4.997232037210143,8.509922909304395,0.01758289984713266,0.01742847589312273
325,5,8.5,4.999265139984853,8.482665827748356,0.018855224147628843,0.018616143078992377
326,5,8.5,5.015346827866032,8.494923985291615,0.01551060996654671,0.015278924778268097
327,5,8.5,5.0123180254648565,8.495204300489048,0.018090567689081953,0.017641300120816113
328,5,8.5,5.031524089160504,8.460374187379214,0.017443667384590505,0.017593107234592342
329,5,8.5,4.963459917319539,8.50831960839988,0.01640463470602762,0.01621786482779207
330,5,8.5,4.984193743348562,8.475920076842263,0.017106816856544263,0.016723362112951706
331,5,8.5,4.990279636184925,8.492008148945752,0.01810181092565227,0.017822952281968812
332,5,8.5,4.996128777015852,8.481808808839942,0.01714296619537647,0.01665297603775659
333,5,8.5,4.978571177757884,8.4902662475402,0.016702170511423385,0.016516318299540478
334,5,8.5,4.997360875692571,8.481727199951324,0.017181565505984993,0.017032915369244877
335,5,8.5,4.998938422764258,8.493888466016255,0.016166276461744965,0.016109768793567222
336,5,8.5,5.007378331772504,8.49319437506099,0.016286686874670966,0.016414633446414386
337,5,8.5,5.004711141958431,8.50050823727991,0.017216593461358114,0.01731811408193226
338,5,8.5,5.024144393041895,8.493745415044867,0.017494932282712407,0.01740466569260262
339,5,8.5,5.0011168806856015,8.500039803985649,0.015697408438276713,0.015570270530989787
340,5,8.5,5.012901401281546,8.484953592696213,0.018047608537462376,0.01799725940226729
341,5,8.5,5.009595252178356,8.498264829125654,0.01776617055669282,0.017809940482046604
342,5,8.5,5.021511795019397,8.508504561301223,0.016776027697539192,0.016736089281433154
343,5,8.5,4.99688780617932,8.490567626079066,0.017120851338619722,0.01697349845179851
344,5,8.5,4.998831886433645,8.514337619542804,0.016336773543506947,0.016335625262142606
345,5,8.5,4.9737022848444195,8.507428553212149,0.015888767030294276,0.015669359824712525
346,5,8.5,5.024101360804834,8.505857418224947,0.017841485594076063,0.01770188074568984
347,5,8.5,5.001963933171896,8.500638121277536,0.0157488057676807,0.015694552387534543
348,5,8.5,4.972350720535629,8.506199136303247,0.016762513353635832,0.016955328032907755
349,5,8.5,5.0286015170332865,8.518704720113023,0.017742936653835986,0.017846685358214386
350,5,8.5,4.981069268058321,8.465115454055063,0.017043556656334027,0.017033911513527848
351,5,8.5,5.015277246462744,8.497686341075477,0.017454655655959595,0.017461989486964934
352,5,8.5,4.986244237224653,8.506493324587034,0.018263510181705512,0.018232775194399208
353,5,8.5,5.002810206653278,8.524706145838794,0.0176394116270031,0.0176400706776483
354,5,8.5,4.998585810549272,8.494895514581856,0.016511163559887732,0.016558665040598188
355,5,8.5,5.002571489598409,8.481131920972667,0.015768636185937733,0.01578070315743977
356,5,8.5,5.009365535671992,8.519197526334315,0.016809685810043773,0.01680028976260935
357,5,8.5,5.003115977994191,8.48285221794827,0.016522603681419498,0.016282959887594803
358,5,8.5,5.0046295960804,8.48496712049121,0.016543036812508943,0.01666109324927081
359,5,8.5,5.011232579030145,8.497994716152768,0.016281402171818712,0.016071316157863856
360,5,8.5,5.038734658238651,8.481170647906394,0.017060555120130157,0.01683318833005153
361,5,8.5,4.983645386634451,8.512623166870652,0.017289634620787586,0.017102199196750927
362,5,8.5,4.9706953472483395,8.509096394767477,0.015213975385048437,0.014916706005532092
363,5,8.5,5.000524836061127,8.502301484781773,0.017865353812456485,0.01784119880003187
364,5,8.5,4.985457853471323,8.506787965279628,0.01666557221983711,0.016775254992705844
365,5,8.5,4.9659286750597,8.514245914161831,0.017059080737819254,0.01695476668283782
366,5,8.5,5.009162797344779,8.483251818029501,0.01656442622249583,0.01642192955312859
367,5,8.5,5.006288672559887,8.487550969196088,0.016555266937667297,0.016588525274003153
368,5,8.5,4.9916536297647385,8.515520698429459,0.017429736928042526,0.017488084082828148
369,5,8.5,5.0107900470078635,8.513902026574868,0.017153191368425427,0.01696911569798232
370,5,8.5,5.018798522775477,8.476876784857241,0.017577985661468957,0.017630471975192463
371,5,8.5,5.014006062099522,8.470745312433863,0.016232417036623,0.015955279526517836
372,5,8.5,4.991184229237816,8.504084744460384,0.016854364064345644,0.016917027008389814
373,5,8.5,5.0149718899191225,8.49296918576404,0.017955963332831965,0.01765929801821436
374,5,8.5,4.997666898376861,8.495322513829574,0.017689726884878503,0.017784395058471503
375,5,8.5,4.98696016970988,8.50152423879677,0.01764174872874436,0.017480120110087007
376,5,8.5,4.975533125858658,8.526830207225172,0.016310588840001992,0.016483971867702205
377,5,8.5,5.00761805442796,8.518431047724617,0.01706927663769907,0.01721092098026805
378,5,8.5,5.012979890130946,8.528177794731631,0.01716070743487068,0.01700623579987864
379,5,8.5,4.993624498764032,8.479162092123788,0.016960345767304597,0.01694426940848326
380,5,8.5,5.014830441348651,8.501415531394368,0.017859458806234404,0.017726532357264017
381,5,8.5,5.019072043450692,8.523539528668222,0.016596571184339833,0.016216279088026097
382,5,8.5,4.981268130094253,8.505147311607004,0.016607597498522992,0.016651971321764977
383,5,8.5,4.980963221743143,8.506491400960355,0.017167288197428913,0.01701708449014903
384,5,8.5,4.976414772099177,8.49271870282142,0.01716228367348494,0.017304566684989586
385,5,8.5,5.014835832090332,8.482432565897463,0.01889677858324932,0.018674940408018082
386,5,8.5,4.998905874778849,8.50824463221659,0.01796025689543767,0.017817405621821214
387,5,8.5,4.98967320737617,8.49071631293059,0.01685787961951327,0.016694193651050772
388,5,8.5,4.994229130444267,8.491099253507782,0.017365014246255004,0.017341873105263576
389,5,8.5,5.00359155286376,8.497988716963404,0.01653512968855564,0.016211353800962558
390,5,8.5,4.998706355721825,8.502606479802118,0.01766281515638858,0.017667337278266186
391,5,8.5,5.03577734855148,8.458871932865696,0.01637512053683979,0.01645967352696305
392,5,8.5,5.007407013534549,8.504462125542808,0.016326370648841116,0.01616190687336242
393,5,8.5,4.996412578153319,8.49405491240955,0.017287745720499008,0.017262739036455484
394,5,8.5,5.01099011171761,8.468626520973869,0.01682274221148952,0.016609610108075594
395,5,8.5,5.008140983573293,8.490764347669968,0.017351450583516625,0.017136637311711795
396,5,8.5,5.029640144320749,8.499363377465707,0.017699063716249474,0.017348831882313107
397,5,8.5,4.992085444227302,8.522425750502903,0.015736680682156765,0.015811105616743943
398,5,8.5,5.02327275761527,8.499773076151767,0.016782444850247116,0.016846551644472154
399,5,8.5,4.9945742097630585,8.50614950638817,0.01637392071486518,0.016677047253741566
400,5,8.0,4.978982208360302,8.041078468628715,0.016624423828720886,0.016632934901691043
401,5,8.0,4.995003424135787,7.985420502910917,0.016101673702307723,0.01586766217217285
402,5,8.0,4.986065829202958,7.999239184513424,0.01607911216596132,0.016193938829229315
403,5,8.0,4.9940294363353415,7.9963335596128795,0.018183870622191463,0.01823958358860253
404,5,8.0,4.997981102720175,8.02328292719456,0.018069515957520512,0.018080343238107092
405,5,8.0,4.991972018512904,7.977425724402288,0.017448629710857002,0.01787399200623496
406,5,8.0,5.010857580812311,7.992332529941096,0.016811623071892802,0.016816048387635802
407,5,8.0,4.988556306934055,7.976455123906851,0.01584591925210407,0.01567903269612906
408,5,8.0,5.005469169404336,8.021880970276788,0.017843989957884457,0.01793180969337132
409,5,8.0,5.016341614568936,7.991367128418986,0.016058805087416087,0.016021976429957046
410,5,8.0,5.0064761365630535,8.018628438503274,0.01583239148648524,0.015740967388733373
411,5,8.0,5.010463081800712,8.002807822869126,0.0177126207737204,0.01761458991871977
412,5,8.0,5.009604664032114,7.988971610188818,0.016443875340201353,0.016452114234858466
413,5,8.0,5.016475560936339,7.985023139321019,0.01632610450334075,0.01593347992793621
414,5,8.0,4.989578803104266,8.018775366741108,0.019055746126085488,0.018622491348737644
415,5,8.0,5.024814984851123,7.987833507658711,0.015000261704879897,0.014695592105301983
416,5,8.0,4.98279167738441,7.994054076557497,0.01570751561283486,0.0160498517749793
417,5,8.0,4.99381118721705,8.003995193687201,0.017296149775025704,0.017183108457449997
418,5,8.0,5.016788349532003,8.017891053634065,0.01790265031902803,0.01780242806019535
419,5,8.0,5.012613369892556,8.011322258141286,0.015857981175708583,0.01579263518519987
420,5,8.0,5.003587026802138,8.023318739209628,0.016461684832935364,0.01647105665632125
421,5,8.0,5.013924059583821,8.011635464688075,0.01712876293827541,0.017141819634381515
422,5,8.0,4.976466964744621,7.978030738482404,0.016675593661083215,0.01675180042649348
423,5,8.0,4.981033260872027,7.992011409376909,0.015966443294887993,0.015996123974546674
424,5,8.0,4.988038611252336,7.989697051442603,0.01678729619591105,0.016755278246316563
425,5,8.0,4.990540388731383,7.9638941911860215,0.01715021476380308,0.01692889970486675
426,5,8.0,4.991086471548992,8.018472728266964,0.016826084570191437,0.017077945164727527
427,5,8.0,4.9942594146081225,8.008470888273596,0.017130412564808493,0.01703378447172358
428,5,8.0,4.981760994882125,7.971921242654893,0.016882950305118705,0.016997620552722848
429,5,8.0,4.99959044701815,7.994644476444742,0.015408886592482263,0.015309140626436684
430,5,8.0,5.003187635478922,8.037511171259316,0.016477921357968155,0.016800190650979856
431,5,8.0,4.991933219052698,7.985973340715177,0.01753978802573615,0.01752146896695276
432,5,8.0,4.991402592423681,8.014902980196306,0.018238506026132785,0.01806737917134206
433,5,8.0,4.990491300943826,7.978378929641135,0.016919615636697513,0.016904684662930974
434,5,8.0,5.030157771894356,8.010813344139292,0.016527900735270284,0.016324573629970487
435,5,8.0,5.014832149874504,7.992125629009294,0.017247157510911312,0.01710677780242706
436,5,8.0,5.000621529541048,7.9775059355055555,0.017725405417773957,0.01769703043779525
437,5,8.0,4.9986480348218025,8.00856434095317,0.017832337267376045,0.01779615995371691
438,5,8.0,5.0048294349237334,8.001012027456415,0.01665640860510413,0.01645561212829439
439,5,8.0,4.997503140698687,8.003663962071801,0.017123784343900987,0.017190978074495954
440,5,8.0,4.986846926681407,7.97404656807487,0.019081266339075618,0.019253933939627006
441,5,8.0,4.983267833908233,7.963458739626323,0.017075335884420628,0.017254122590532796
442,5,8.0,4.9841335060765095,7.975380653869622,0.017657733311922254,0.017823427240437326
443,5,8.0,5.006489807886913,8.00151410329708,0.017016425935017076,0.01723364171129984
444,5,8.0,5.0178966201539446,8.03117312101418,0.016146167759353448,0.01594212415115052
445,5,8.0,4.997623136449488,7.967769536078816,0.015958531074109043,0.01632603211179493
446,5,8.0,4.997175558211482,8.025484112042228,0.01770466267026745,0.017673306275027417
447,5,8.0,4.997384942480655,7.9854099206621125,0.019148115481788856,0.0193443400963849
448,5,8.0,4.983496275272575,8.006571332074044,0.01567838398862152,0.015819141227497283
449,5,8.0,5.001824881454256,7.997775443751015,0.01729244391817031,0.017165334458008864
450,5,8.0,5.010871783136168,7.988047875755187,0.016633337485218384,0.016717435207030073
451,5,8.0,5.016668887721483,8.02626933710197,0.017981131815587307,0.018326494868854088
452,5,8.0,4.982203203217958,7.945668470000243,0.015951886438590718,0.015743863441711962
453,5,8.0,4.979344351749301,8.025941297710697,0.014858185963373025,0.014899548323396702
454,5,8.0,4.9970877907603874,8.012401042932,0.017853078479771314,0.017832226145375496
455,5,8.0,4.997722126679614,7.995496156380781,0.01749681987373093,0.017498954167361684
456,5,8.0,5.004649023347003,7.991645339152545,0.01815373430552672,0.018121324201358476
457,5,8.0,4.985152929848575,8.018863563392612,0.016896482478685835,0.016797020622751374
458,5,8.0,5.00739069802962,8.001987807172318,0.016818429915064076,0.01702662663918658
459,5,8.0,4.995055593435376,7.987932460323998,0.01795809175438541,0.017459047965181777
460,5,8.0,5.017999517883984,7.993206593137605,0.016648138851966966,0.016796718192017033
461,5,8.0,4.992041305435049,7.975404636365996,0.01753961621305537,0.017790440805593707
462,5,8.0,4.982850160795597,8.017408777306246,0.018950334529732854,0.018884901513881915
463,5,8.0,4.999927341259777,8.005243919545943,0.01644012263057281,0.016865631433883872
464,5,8.0,4.981662378421298,8.014589856043523,0.01768516708781154,0.017825670802092353
465,5,8.0,5.0130160230942895,7.961836938251066,0.01683579822913881,0.01686157018764024
466,5,8.0,4.986977035352169,7.970599328212902,0.014193239717519048,0.013979591400239303
467,5,8.0,4.990299000506152,8.022291397459972,0.018407393586918553,0.018359370046425492
468,5,8.0,5.011865748075488,8.011369454825516,0.017454781520677594,0.017832600191875134
469,5,8.0,4.986299958570605,7.991412400419548,0.017295418636047343,0.017239039426598133
470,5,8.0,5.027220484718809,7.99274481653922,0.018048812951971433,0.018153751916789744
471,5,8.0,4.971307352375696,7.981420218159422,0.017581663881881836,0.017505715235594556
472,5,8.0,5.011039941328645,7.977518623072398,0.01706484870246261,0.017071795486815144
473,5,8.0,4.99013203917733,7.986404073153909,0.017211024095264496,0.017147031261457776
474,5,8.0,5.025336770206718,8.03408683178163,0.019550126169902742,0.019501958404714668
475,5,8.0,4.982045315954198,7.976202110387706,0.017052438907012184,0.016812230846950556
476,5,8.0,4.995333033373077,7.998464333412686,0.01694395056557972,0.016814358347486784
477,5,8.0,4.999542315323178,7.976042948539417,0.01803423122106132,0.017984869886878804
478,5,8.0,5.003666132690755,8.003133893703849,0.017338141136730156,0.017550776800743514
479,5,8.0,4.977657097022156,7.969216907937097,0.017586309234431063,0.017909269423389416
480,5,8.0,4.9966400531991235,7.9710902094745695,0.016848542619997516,0.017043372882409067
481,5,8.0,4.977582968560519,8.011219811732374,0.018722317073209625,0.018484421434703576
482,5,8.0,5.012142587743601,7.994218300402562,0.01637280123674722,0.01638227079765892
483,5,8.0,4.999176240762048,7.986734826354874,0.01649186264159677,0.016555472296196905
484,5,8.0,4.9888625723813105,8.001791744707564,0.01868560259042749,0.018765156942358946
485,5,8.0,4.994879094587139,8.004800802295076,0.017075668089397377,0.016896271613909247
486,5,8.0,4.985796259736762,8.006168581114824,0.017297054065171555,0.017521528846470544
487,5,8.0,5.001698884184462,8.00776710360218,0.01742599584503242,0.01729087209122459
488,5,8.0,5.004429069284838,8.006549161751183,0.017020023050352526,0.01728080305358247
489,5,8.0,5.001556547775823,7.997443897129401,0.01713398618762434,0.01708061695031729
490,5,8.0,4.982643079114426,7.968025146994583,0.018932735195388146,0.018947163474966503
491,5,8.0,5.022874004140845,8.001246654634278,0.015118288114773747,0.015224204958888718
492,5,8.0,4.9888510064855245,8.014583522576956,0.017956048816016812,0.017935845067216606
493,5,8.0,4.987402781814964,8.003467831113808,0.0171765276590338,0.01683844821174994
494,5,8.0,5.002288161130539,8.00533028640768,0.016384711531572126,0.01638671864381561
495,5,8.0,5.013432693713449,7.988225443345019,0.015068234477952677,0.01508416639028795
496,5,8.0,4.990044061848394,8.024439525096998,0.01663895907272032,0.016797409468134256
497,5,8.0,5.028128830383518,7.989953723528896,0.01865576222883696,0.018271523204001994
498,5,8.0,5.024983807055662,7.992277953297248,0.017993542516205822,0.01829907676559541
499,5,8.0,4.994156141288029,7.97265314779462,0.015823521213030156,0.015944740484897777
500,5,7.5,5.021820383733409,7.496795416367522,0.0178882941472138,0.017680287556737853
501,5,7.5,4.9865188080973075,7.485869090117548,0.01689855749342867,0.01681873807598436
502,5,7.5,5.015896995297289,7.503119644888461,0.01755568454601799,0.017515370368565538
503,5,7.5,4.998282363030262,7.485680553627125,0.01708283709734649,0.016952960651942194
504,5,7.5,4.995766339639515,7.507352191364321,0.016896811729140905,0.01693793545433039
505,5,7.5,4.996040140056096,7.49310111294878,0.01678488293461114,0.016635235886361652
506,5,7.5,4.9892734247112855,7.494056815859406,0.018629137813360546,0.01882001236378898
507,5,7.5,5.017335330953661,7.5146193773485095,0.019179458175591742,0.019026965843022155
508,5,7.5,4.973245130994013,7.503253034614428,0.017634435463854004,0.017492947221950626
509,5,7.5,4.985829110392484,7.505426724506745,0.015787969507063324,0.0160534370159452
510,5,7.5,5.015504319118195,7.475284353149845,0.01618539084798758,0.016152477838734944
511,5,7.5,5.029727598373287,7.498509272571795,0.01761140677768886,0.017559387130679758
512,5,7.5,4.988479463772061,7.463405700754626,0.016332839043836787,0.016235247024632003
513,5,7.5,4.966043831716985,7.4575167679086976,0.019057638150345887,0.01891841380495697
514,5,7.5,5.028687426362998,7.502825400167069,0.019628016457538,0.01982564818292025
515,5,7.5,4.982978266079583,7.506994381632414,0.018999311790022358,0.018830328224503666
516,5,7.5,5.033582719510726,7.512120171026598,0.017754347819460375,0.017980586995950284
517,5,7.5,5.003811064136337,7.517629466850024,0.018122613050650153,0.017781004883187464
518,5,7.5,4.999631445667398,7.525209439723634,0.017666916717689166,0.01749503392622989
519,5,7.5,4.985693206015344,7.464261526615088,0.017715379276120553,0.01773244886795888
520,5,7.5,5.019152565723811,7.504640308662768,0.015985492603172932,0.015725331185958934
521,5,7.5,4.9832907264199,7.483210806016961,0.016300579605839683,0.01625598111230514
522,5,7.5,5.010844134153487,7.470565093363154,0.016688583798139964,0.01653881236308824
523,5,7.5,4.979132421414606,7.533318637256371,0.01623297510098455,0.016020039987950388
524,5,7.5,5.017151493858858,7.467696466997724,0.017182126171780557,0.017284162841349912
525,5,7.5,4.976348063510918,7.474475747646353,0.017619973540838337,0.01732319974531054
526,5,7.5,4.954776015946874,7.51435190911698,0.016787226195845367,0.016889335568549716
527,5,7.5,4.991282885415673,7.510016724255204,0.017474963573719707,0.017303864919619067
528,5,7.5,4.989123494870125,7.514851484588645,0.02018951608065433,0.020105942978281895
529,5,7.5,5.024944833782782,7.511499188253976,0.01642756383696398,0.016310405897981228
530,5,7.5,4.987803601731308,7.502099570606545,0.01649674239319033,0.01620060149094836
531,5,7.5,4.985394908249771,7.47473738486319,0.016397288836647574,0.016336282789868997
532,5,7.5,4.998292736654907,7.487268258085921,0.016679014913732686,0.016677447378826985
533,5,7.5,5.0200515876704594,7.521907695598294,0.017984860239377693,0.017869241140022585
534,5,7.5,4.993902740187589,7.501066516942212,0.016179001166484196,0.015805589421151785
535,5,7.5,5.005680010429926,7.513892210457758,0.018268231830900494,0.018232322219693925
536,5,7.5,4.973490939345924,7.496449421470165,0.015368584795180947,0.015303144717018696
537,5,7.5,4.987383051265184,7.497398498464835,0.01693639901608721,0.016780603237640523
538,5,7.5,4.9967902486792095,7.473931422791258,0.01652469627222497,0.016470176056093435
539,5,7.5,4.9727206451471115,7.488529577513494,0.01676807348008424,0.016816701575004776
540,5,7.5,5.02472845952794,7.512038762451454,0.017850550249253673,0.017611904474896828
541,5,7.5,4.982380259384531,7.501563404887768,0.018865519923471345,0.018683301999004004
542,5,7.5,4.98374747963517,7.519876001047192,0.01820354591984462,0.017826261741252347
543,5,7.5,5.0198927657101216,7.504410523242209,0.016537558187865963,0.016343869741864848
544,5,7.5,5.010948744238208,7.507022818404501,0.017753818630497905,0.01755076114667533
545,5,7.5,5.009855754749806,7.496177825325552,0.016790587265859504,0.0170194969571046
546,5,7.5,4.988353597830776,7.508754578955208,0.017207718239413757,0.016892499415311346
547,5,7.5,4.998153804011371,7.509524497394528,0.016824349497963593,0.016888853570893533
548,5,7.5,5.022462591721239,7.515864771940047,0.016940109530957526,0.016587462311383333
549,5,7.5,4.970526789403244,7.470609691073811,0.018940959521390396,0.018739931768041902
550,5,7.5,5.013367536312572,7.510080382768073,0.01716771948798588,0.017208381014385838
551,5,7.5,4.993726425683384,7.5005352249206245,0.017699871246170285,0.017702595228181288
552,5,7.5,5.000314713780395,7.514515981866162,0.016733146465082158,0.01693619627070875
553,5,7.5,4.985849420588261,7.503859614183503,0.016145389606566866,0.016066788285874496
554,5,7.5,4.981185810660438,7.513664631725712,0.018557121184769196,0.018278496052578135
555,5,7.5,5.0356063272496705,7.519421125632547,0.017596265910065995,0.017386086538741782
556,5,7.5,4.997587615214719,7.487275516942369,0.015606277133588704,0.015501318667851297
557,5,7.5,4.967080816123394,7.493098514433017,0.016873916166205698,0.01664939337761848
558,5,7.5,5.00327711626451,7.489325298762628,0.017296886237367155,0.017456824577978716
559,5,7.5,5.000874450203871,7.489645094265683,0.016201447781012377,0.01616451433683134
560,5,7.5,4.990348514655415,7.495091588626425,0.01696717830632489,0.01701349307073039
561,5,7.5,4.988660383597098,7.496150842231594,0.017170307933840074,0.01712741558011798
562,5,7.5,4.971076200776202,7.4754599463511004,0.017072548086795515,0.01690813397740317
563,5,7.5,4.989141999943188,7.486559097370066,0.016360006508819695,0.01663708129786645
564,5,7.5,4.988105968023566,7.499472547658156,0.0169097549863956,0.016983073804223654
565,5,7.5,4.985065603429519,7.524542034124007,0.016375990756165217,0.01656981226664534
566,5,7.5,5.035293947023725,7.512605858574759,0.016372076401639492,0.016349003971719553
567,5,7.5,4.981917699999724,7.498573101759495,0.017772947468109195,0.017816766230645664
568,5,7.5,4.992229660938655,7.475611628950077,0.016306800408311582,0.01626546898567279
569,5,7.5,4.987945040872579,7.516867773278619,0.01712628990739875,0.016778748514903068
570,5,7.5,4.99237854833802,7.479876044413939,0.016578079850983998,0.016418479228150377
571,5,7.5,5.001003878539845,7.499764284402444,0.017717266039284606,0.017533295043470155
572,5,7.5,4.975277520797038,7.475875221311785,0.017966534681729453,0.017478928621601962
573,5,7.5,5.00678382383525,7.505484424056304,0.01801151951770761,0.01830570816906406
574,5,7.5,5.009441268005296,7.488724830195618,0.017168796339521404,0.016925812704064232
575,5,7.5,5.001059125313842,7.472374489437004,0.016541152162937642,0.016480203907983357
576,5,7.5,5.018599092352323,7.495838076780693,0.017910846894057295,0.01787436343112626
577,5,7.5,4.989604833475645,7.504913990831622,0.015578508788033544,0.015748653658712197
578,5,7.5,4.986267563517761,7.491108726220916,0.01797364503272665,0.017712591179703984
579,5,7.5,5.0019210715364375,7.518717149829292,0.018286149148297376,0.018375505819740016
580,5,7.5,5.0159226055454535,7.512498234973985,0.01578620415358845,0.015547530458971264
581,5,7.5,5.00952916764581,7.507367168922655,0.01708992579260358,0.01676462917414468
582,5,7.5,5.001917157440482,7.494101586067784,0.01695767942467879,0.016861642537924236
583,5,7.5,4.991042138570909,7.517248358308528,0.017970918187215242,0.018023013967660546
584,5,7.5,5.012134953107849,7.50930814156364,0.016801017196846114,0.01693327426301335
585,5,7.5,5.005123115255014,7.486460364406346,0.01644861471568174,0.016261665913917978
586,5,7.5,5.013163685926406,7.522427880917134,0.016975281794898288,0.016915389814040817
587,5,7.5,5.007105618416821,7.506132719780548,0.019098268568954354,0.019036749706264556
588,5,7.5,5.009926199713098,7.486714965055988,0.016375942982462963,0.016293681879375563
589,5,7.5,4.998993944797061,7.498038208166358,0.016997844059727624,0.016884839178207354
590,5,7.5,5.0062529456205285,7.4832354917277275,0.01706761666602752,0.01680000053951561
591,5,7.5,5.004856082496608,7.49647875193683,0.01591997618427639,0.01565780399004194
592,5,7.5,5.040445060208061,7.491036400455932,0.016967280885243404,0.01686109729529197
593,5,7.5,4.988507099935233,7.487575528694219,0.017734500594444917,0.017642276546049773
594,5,7.5,4.997552809209285,7.484031847224842,0.019022982381331013,0.0190359939078955
595,5,7.5,5.02192130085756,7.525782246430837,0.01779803853959762,0.017474103410942642
596,5,7.5,5.00253237870412,7.526176178266691,0.01755827683397865,0.01761425497304066
597,5,7.5,5.002214081293688,7.5147883730224105,0.018528918487611578,0.018230251353007685
598,5,7.5,4.992462197009389,7.4776461678367685,0.017491817963879185,0.01730237644685044
599,5,7.5,4.98014344224751,7.499101912007546,0.016686189678289335,0.016551187609994623
600,5,7.0,4.997198907319091,6.9985317284644655,0.017326550289083184,0.01723657695868367
601,5,7.0,5.014096006703961,6.984567653103284,0.01567416810709414,0.015890664582411375
602,5,7.0,4.99564134333559,7.022649769120703,0.016577401967666015,0.016487399714877855
603,5,7.0,5.0196846817903635,7.025295351718432,0.016394681186032864,0.016298618366515954
604,5,7.0,4.9933838104290915,6.985330453655555,0.015572023972134606,0.015666275945882376
605,5,7.0,5.01292645017946,7.0080540366377795,0.01645531473515182,0.016358902044095538
606,5,7.0,5.029274492232567,6.984560185240481,0.017036048886666218,0.016827039184398856
607,5,7.0,4.972229413778756,7.023773743428673,0.017148654845805536,0.017119605819094837
608,5,7.0,4.99842230845726,7.020309632494104,0.01658531990129273,0.016686969513897563
609,5,7.0,4.998964261978117,7.0031641008086325,0.017857781444984934,0.01800503717245715
610,5,7.0,5.014389223069825,7.01899994166306,0.01805162097449156,0.018349304056666196
611,5,7.0,4.995101884417505,7.01094654407043,0.017183433063415892,0.017059730800453626
612,5,7.0,5.011664028245964,7.017142469430638,0.0174560869530355,0.017655104315528705
613,5,7.0,4.9817208816833745,7.009086041556313,0.01710659387473548,0.017217519118711066
614,5,7.0,4.964040185412975,6.986411906208339,0.015621522002658397,0.015465457264019931
615,5,7.0,5.025763832078689,6.983736219960507,0.01737963072596031,0.01752550356180599
616,5,7.0,4.997863749646213,6.9996066231761125,0.017463474193635597,0.01729510240308996
617,5,7.0,5.015346989678378,6.969008525952628,0.017401393466008636,0.017421608934396083
618,5,7.0,5.00745979581369,6.987309887738392,0.01779054282937005,0.017955339456839355
619,5,7.0,5.02283658164335,7.027932222599031,0.01621917781090413,0.016337388387675827
620,5,7.0,4.975059739090029,7.0189576388624895,0.01989611122849269,0.019953013187539077
621,5,7.0,5.010009507236519,7.041572437343237,0.01782062829742836,0.017415255736255453
622,5,7.0,5.005477188809433,6.982895197622529,0.017456397947888228,0.01684309356487127
623,5,7.0,5.019874966158436,6.984572494806385,0.017293553699911316,0.01718972897380199
624,5,7.0,5.033847688124617,6.9883448336786085,0.016359245499414102,0.016281767722934604
625,5,7.0,5.010541092185795,7.000624339111849,0.01740806295292869,0.017203442928127508
626,5,7.0,4.984605389645859,7.002402170745677,0.01592288325413502,0.015909272952540843
627,5,7.0,5.014242409529255,7.00497161524923,0.01808889682041707,0.017727096344562418
628,5,7.0,4.993104044795136,7.009802804117569,0.017572276074552924,0.017432993142454854
629,5,7.0,5.018628132522423,6.999704684766133,0.01738936237954047,0.017634602495710746
630,5,7.0,5.0268930914600665,6.983603135426535,0.018365418656327626,0.018197035776174684
631,5,7.0,4.999331159351995,7.000704404894264,0.016763451724464813,0.01709825951375276
632,5,7.0,4.999438735240586,7.02302880622699,0.017416787532346586,0.01734876305031846
633,5,7.0,4.979891922858496,7.024661355981606,0.015462873902820175,0.01550706426142981
634,5,7.0,5.003782532641538,7.00825561264524,0.017485167306734255,0.017747120100082073
635,5,7.0,4.982931563784107,7.007844488551093,0.01643232063814196,0.016309632805904
636,5,7.0,4.997791029887224,6.993815996855279,0.01891836165230722,0.018677328394109204
637,5,7.0,4.992547616365871,7.003727341423078,0.016613479485862878,0.01651789792316708
638,5,7.0,5.031630687691279,6.985191093269974,0.01585945788827652,0.015876269935729916
639,5,7.0,5.0038563173324,7.018201242925924,0.01658016487986325,0.016683810826556032
640,5,7.0,5.034887854116113,7.001448734456031,0.01760225631828907,0.01735133115762092
641,5,7.0,4.960595055669344,6.988913737906579,0.018798288984314085,0.018530308639671467
642,5,7.0,5.015269615703664,6.9977679576802165,0.01679858463338009,0.01708913578349769
643,5,7.0,5.010364637363465,6.990025529857884,0.017687019524657076,0.018004755083114724
644,5,7.0,5.005973008007465,7.003006585156291,0.017299231487213337,0.016991787726724338
645,5,7.0,5.000232468552646,7.010383229049451,0.01739752007970372,0.0171620817634161
646,5,7.0,5.047225354854508,6.976476439299955,0.017065406300057484,0.016953709060385135
647,5,7.0,5.024041029964636,6.999709759312758,0.01597901438959265,0.016200192813110074
648,5,7.0,4.997521426186652,6.9750372228381705,0.017751156609522072,0.017559689890256407
649,5,7.0,4.984881996658959,7.01221626331381,0.017235498733266054,0.017258516155524508
650,5,7.0,4.9960778737765885,6.985662329567463,0.013871464197815056,0.013651042161049986
651,5,7.0,4.988862402563987,6.996707798790246,0.018750904143972555,0.018764165305132207
652,5,7.0,5.024434380223401,7.004266261656051,0.017359593153757673,0.017157427896533094
653,5,7.0,4.995522841087878,6.99515988291063,0.0167571780725776,0.016611660683978898
654,5,7.0,5.002975646842348,6.988062834910585,0.016035618146907342,0.016464798218194295
655,5,7.0,4.993490889774789,6.997260555576154,0.01732093170180686,0.017258176169274865
656,5,7.0,4.991472420467491,6.9926679932099995,0.017356743393510794,0.017471953533308077
657,5,7.0,4.963299011212722,6.974241066162242,0.015755440135344776,0.015999178391918674
658,5,7.0,5.023100032230781,6.992404097643428,0.01780877728159531,0.017696358226078884
659,5,7.0,5.028309409155738,6.989586464691251,0.017490060805113648,0.017406381782760764
660,5,7.0,4.973556152072288,6.989818901892466,0.016674557489261513,0.016498244421136267
661,5,7.0,5.005310662160042,7.039746237328645,0.01553457564136415,0.015688827315832446
662,5,7.0,5.002864620812742,7.004389250176697,0.016134661919072892,0.015890350743858934
663,5,7.0,5.009336323881125,6.9825634303233715,0.01792514268249927,0.017747707074458604
664,5,7.0,5.019947054394822,7.008551315012977,0.017347338627165504,0.017059766334583632
665,5,7.0,5.0099146019080045,6.999764763197189,0.016850218025442516,0.01691129215643436
666,5,7.0,5.02701878837856,6.9935723250191355,0.01752331807038136,0.01763403309256434
667,5,7.0,5.008359566838478,6.99389815185351,0.017340083021891155,0.017562325106819345
668,5,7.0,5.003867932190775,7.011449829728514,0.017721143899340902,0.017983024089964928
669,5,7.0,5.00293776702229,6.9999840652096035,0.01745200809078086,0.0174040249212865
670,5,7.0,4.984004405388618,7.009953067418431,0.017051406123717684,0.017013743557197765
671,5,7.0,4.991749153578145,7.011693619575713,0.016295781663873004,0.016331877376570974
672,5,7.0,5.007726913804787,7.001959145870525,0.01898084121157242,0.018707317770231217
673,5,7.0,5.005852883228186,7.009256320867353,0.01730324946867591,0.017621475657970377
674,5,7.0,4.981103667449901,7.017527019389605,0.016341452981353893,0.01657587983402189
675,5,7.0,5.004800799009851,7.002177203581812,0.016381632614039722,0.01620273438320204
676,5,7.0,5.003074073777469,6.992813149465103,0.017161739223606854,0.01752344486326348
677,5,7.0,5.012649097763323,7.002916611080106,0.016655006394979213,0.016544590249622515
678,5,7.0,5.012331011928087,7.003402823501844,0.017568240450773952,0.017731471598085385
679,5,7.0,5.013893742887295,6.991459957109215,0.016475329296272614,0.01639875639951315
680,5,7.0,5.025523958097044,6.9961191094381,0.01840642417762154,0.01842440931679611
681,5,7.0,5.036833500475022,6.99768019531056,0.017542706740659587,0.017602604397631772
682,5,7.0,4.995926343398466,7.0166296001667146,0.017804740109269298,0.017741193989714254
683,5,7.0,5.001114209201463,7.01039078592867,0.018364170799293297,0.018624774076523444
684,5,7.0,5.008308955075918,6.969367465389042,0.01590087667126682,0.016140020918595954
685,5,7.0,5.048800667195443,6.977789666234477,0.01744683723999362,0.01739992783233532
686,5,7.0,5.011415943948616,7.016633248876287,0.01614119757159681,0.016096545598163342
687,5,7.0,4.96971667529638,7.012656877825173,0.016965608823527798,0.016726244722192446
688,5,7.0,4.9963565773223655,7.002029332631624,0.017260690053623108,0.01733483959727718
689,5,7.0,4.984179701123936,7.001466954462363,0.017015940776354634,0.01707520743251284
690,5,7.0,5.00296006134902,6.9836551633677875,0.01616369347111128,0.016250404594025953
691,5,7.0,5.047765365798662,7.010355279764058,0.018502636252320133,0.01827831891010337
692,5,7.0,4.983355140424075,7.010107381994057,0.018001626739986985,0.01799895335105733
693,5,7.0,4.994830200893285,7.026789042926257,0.018021719685068386,0.018234343579366877
694,5,7.0,4.9826786208379605,7.022515518079644,0.01627384070492344,0.016344817226461472
695,5,7.0,4.984367117934101,7.014633983767914,0.016719810834655627,0.016780568696843592
696,5,7.0,5.032968602192281,7.021829937462654,0.01713843957146418,0.017390018904913252
697,5,7.0,4.978674898187602,6.98713243957879,0.016413971825160575,0.016563841947436615
698,5,7.0,4.982812138769389,6.992404996068588,0.017594047444568082,0.017756307624200527
699,5,7.0,5.004908902208109,7.037449483299758,0.015093821643657683,0.015052326015393745
700,5,6.5,5.002581583801615,6.517619812618113,0.0177084229566643,0.01782833883343254
701,5,6.5,4.989283959357318,6.500698005481646,0.018508656640782988,0.018467447141920466
702,5,6.5,4.98355137391342,6.500525523876268,0.017135473433323584,0.01677985042501882
703,5,6.5,5.014379847722708,6.487341358971447,0.017600648363996118,0.01758338261164749
704,5,6.5,5.008820181210431,6.499524161174029,0.017336444307629557,0.01725884057380564
705,5,6.5,5.017075099151112,6.4835045770918756,0.017610091051290765,0.0176638009478863
706,5,6.5,5.024487529079866,6.493552773552483,0.01737784326547706,0.01725827407053075
707,5,6.5,5.025272844366083,6.501747591340347,0.01599708020671139,0.015798589589527286
708,5,6.5,4.977651415174713,6.52026981072145,0.01694737879519841,0.01690359259608912
709,5,6.5,5.027935042412166,6.486761957530199,0.018156443730659153,0.017847448683519923
710,5,6.5,4.989837131678557,6.496179113587846,0.018383954906334668,0.018263772333101988
711,5,6.5,5.009659250347824,6.4543497634424,0.01738855509178115,0.017220851639457094
712,5,6.5,5.002070544564607,6.532989285359641,0.01773132148335501,0.017591753933503394
713,5,6.5,5.008642576493034,6.51118141477983,0.016855934651396582,0.016734830128362348
714,5,6.5,4.986927349549261,6.5102100727414385,0.016322517971171558,0.01612588618486715
715,5,6.5,5.032435886936225,6.498221360482279,0.016317935052344322,0.016118588092552313
716,5,6.5,5.010784650456984,6.488662942029616,0.017341055014730874,0.017116136722614746
717,5,6.5,4.9941575949647135,6.500723313205605,0.017675506418377455,0.01746441264149849
718,5,6.5,5.011280752586786,6.503947906953209,0.0178309546374659,0.017634965404484115
719,5,6.5,4.956506428109451,6.46932931389757,0.015980031647079423,0.015954101688018685
720,5,6.5,5.009674331254054,6.483082311634636,0.01553778525373131,0.015605393221229289
721,5,6.5,5.033813285644666,6.489379383539253,0.017151732699253956,0.01722088992099506
722,5,6.5,5.008796753555811,6.484329070959583,0.01711984380105943,0.01727682349498899
723,5,6.5,4.980814240629363,6.502353528797732,0.017121147050529535,0.016789507195066295
724,5,6.5,5.009875376790206,6.526714008398116,0.018010651517750314,0.017700742817394782
725,5,6.5,4.974891717962996,6.511331089164154,0.016181237000549308,0.01606973376704123
726,5,6.5,4.999195408012787,6.4977373632660544,0.017948846251967708,0.018004460300983096
727,5,6.5,4.9742519605669715,6.483416089330921,0.016359777338764155,0.01634537521832905
728,5,6.5,5.010127702303114,6.512958667993327,0.01762280833712981,0.017459056504183657
729,5,6.5,4.980697294935233,6.499235387641247,0.017600042371803272,0.017384045030121805
730,5,6.5,4.993960486745901,6.507162085175377,0.017928771159117295,0.017670869633093046
731,5,6.5,5.009450250666842,6.480948524336775,0.016430362607582603,0.016289086352512545
732,5,6.5,5.006487461675167,6.477238871184936,0.017997343253262015,0.017927863879813256
733,5,6.5,5.000320084656047,6.523280037641525,0.015839950662014105,0.015689902897901405
734,5,6.5,5.015329973000581,6.496194063439122,0.018738263275517267,0.018570872470170908
735,5,6.5,5.0146947262260735,6.503793681403011,0.018696870126376327,0.01886431447162529
736,5,6.5,5.01337632977965,6.507604683850687,0.017763500140538697,0.017509604757274987
737,5,6.5,4.999275253805454,6.49408471053101,0.017259511005981082,0.017345030474681212
738,5,6.5,5.019184748253508,6.471281410583532,0.01590541460338304,0.015920295795686386
739,5,6.5,4.978304848075462,6.5212411531982015,0.01832880305885876,0.018138564737882255
740,5,6.5,5.001493964947681,6.507177489307674,0.01621402073653169,0.01616982819314668
741,5,6.5,4.996258007730687,6.48778752070608,0.017819056310341114,0.01784096678702147
742,5,6.5,4.998848344360565,6.470979619097735,0.018246000657413906,0.017977342038019865
743,5,6.5,5.0098113632615,6.502778582223852,0.018505265667171467,0.018145549471080682
744,5,6.5,5.014453840469128,6.48388537771062,0.01741825051721337,0.017332849359913843
745,5,6.5,5.037190180205116,6.49245141766897,0.018085766504634344,0.018323270083332364
746,5,6.5,5.005154613168605,6.50580819057608,0.016843242868302497,0.016461660817884274
747,5,6.5,5.023979989328251,6.520671763632393,0.017533031142735626,0.017539699705312172
748,5,6.5,5.003761309073561,6.478045651716187,0.01768343810777708,0.01730457550858628
749,5,6.5,5.008817078248731,6.508399136430134,0.01775854298036641,0.017402999737273845
750,5,6.5,4.986225572016647,6.504735390214579,0.01782354324795926,0.017574316608865884
751,5,6.5,4.964921083279219,6.515235939487185,0.018115050486611523,0.01798441671466235
752,5,6.5,5.023803443471726,6.507750132025809,0.01684414851471414,0.01667465638434525
753,5,6.5,4.997002176077492,6.518963530440935,0.016741549511275152,0.016558077360879435
754,5,6.5,5.0143667728037125,6.48443210004453,0.01734257433554245,0.017284137288932976
755,5,6.5,4.953759906963579,6.491790876460975,0.018440883284720894,0.018215329966760768
756,5,6.5,5.005325874252305,6.485791712116781,0.01798677106482279,0.01806944311996281
757,5,6.5,4.96608758781893,6.492668675657478,0.017027238005769614,0.016802698942256736
758,5,6.5,5.012882905969265,6.509400835565014,0.017785490438476492,0.018075318269473974
759,5,6.5,5.029347523516867,6.491648338655251,0.016633130616686875,0.016494681821040632
760,5,6.5,4.970602097142032,6.454135321858249,0.016724506099415334,0.016812533802875465
761,5,6.5,5.005771486434356,6.52330042738045,0.01909425967783381,0.018862808467492366
762,5,6.5,5.016076104930389,6.479461376461084,0.016636069677401326,0.016362962348460984
763,5,6.5,4.970588706685523,6.50903789424286,0.017281867053141258,0.017315835176722548
764,5,6.5,4.9959199701811405,6.489615322212034,0.015249582826853582,0.015181794342264176
765,5,6.5,5.016254430416633,6.50267331650808,0.015602511370559093,0.015392846791277665
766,5,6.5,5.011743252241612,6.501941649025192,0.016633703453328697,0.01634392404700901
767,5,6.5,5.002179112097792,6.493673496240945,0.017109825344447414,0.01715796697846396
768,5,6.5,5.012740967405231,6.494789886209256,0.016474050913453157,0.016244245457553326
769,5,6.5,4.985942211716124,6.5057767011407455,0.017001267706176097,0.01681178490200174
770,5,6.5,4.987816152678264,6.502688718947338,0.016441853184991265,0.016319539475404116
771,5,6.5,4.990477024657417,6.518830910778455,0.017391731904533504,0.0173368815282185
772,5,6.5,4.966469774701051,6.500125032287692,0.0170267710071257,0.017247671413770906
773,5,6.5,4.993926702123268,6.495363038885789,0.017384126828085465,0.017188454962700314
774,5,6.5,4.980299495710575,6.455789854128888,0.017699615443078808,0.017677616719784194
775,5,6.5,5.021712453205574,6.525482873163888,0.016709590093400534,0.01651075348223924
776,5,6.5,5.024784088510908,6.508615413826645,0.01844309462550752,0.018553518985184467
777,5,6.5,4.984405234803208,6.503531913972295,0.018381336836375623,0.01829064178002137
778,5,6.5,4.974763525533505,6.509627474421858,0.016271238128057,0.016328804822825213
779,5,6.5,4.995181875623347,6.485215103041237,0.017587949169109003,0.017286862178436283
780,5,6.5,4.975536870516329,6.4935926837701725,0.018024567270542677,0.017983256983605072
781,5,6.5,5.001710764110634,6.496892465436385,0.018398278739103432,0.018178527949760107
782,5,6.5,4.996867969968193,6.488446307120721,0.015040005039971034,0.01486739529800882
783,5,6.5,4.979424134824825,6.484834868015956,0.018020763073211668,0.018451934449154373
784,5,6.5,5.01787196864663,6.508482984787922,0.016642811363438755,0.016528104330513462
785,5,6.5,4.974812444850856,6.498147889311156,0.016676486594780462,0.01626461679409315
786,5,6.5,4.997388581130518,6.493866885736904,0.016129473587033285,0.01595696487676363
787,5,6.5,4.999634821084019,6.4843461224675085,0.017636233504288834,0.017442499756561494
788,5,6.5,5.005128183297405,6.485936522230673,0.01647694742302973,0.01637603670745465
789,5,6.5,5.01434014468212,6.475867680920748,0.016085001142282385,0.015936928891400574
790,5,6.5,5.0059199505689085,6.502956234283653,0.01780195848952967,0.01788620165619109
791,5,6.5,4.975263346381598,6.506826938160454,0.016820090285181874,0.01688751858101484
792,5,6.5,5.002962774517888,6.49845508698288,0.015913418355475654,0.01604866516773656
793,5,6.5,5.00382738794383,6.489916672225908,0.01778086970317948,0.017636180810485035
794,5,6.5,4.975476983285588,6.478928662292505,0.017136279795193964,0.016859088528284136
795,5,6.5,5.015110616729444,6.527818719164295,0.017004762687524228,0.01728439374671983
796,5,6.5,5.005111406912967,6.501732460479437,0.01758153845930968,0.01718299723361912
797,5,6.5,4.991080870845402,6.50498035402855,0.016659567805803844,0.016452984760794348
798,5,6.5,5.01538516599302,6.515036150297612,0.01535974962459965,0.015305623576912517
799,5,6.5,4.953314718988634,6.474498334366881,0.01631029673051714,0.016425092961166468
800,5,6.0,4.9921911947858355,5.964792922573607,0.01748329669426863,0.017580413471640462
801,5,6.0,4.990958678993071,6.011026698782649,0.016373823558510803,0.01651918599351957
802,5,6.0,4.999900716723119,5.991086530387144,0.01578000535395121,0.015590115880789375
803,5,6.0,5.038435325509854,5.984711819159742,0.01670199336047791,0.017275881179998287
804,5,6.0,4.986683704800206,6.030900038563263,0.017473812679507834,0.017498137300787028
805,5,6.0,4.983003592571512,5.999112623272995,0.018393768505934348,0.018395896486137268
806,5,6.0,5.0178759555041195,6.0198479237789995,0.017673434666443263,0.017596302611441475
807,5,6.0,4.964402644509936,6.014210568031894,0.01745791506841771,0.017691705720812953
808,5,6.0,5.020746980918254,5.991701010949614,0.017499151998411174,0.017223390072402166
809,5,6.0,5.034257821212604,6.007311741297938,0.018224889101290543,0.017945997775700915
810,5,6.0,4.97335599300159,6.000507871430797,0.018002363049886255,0.017925404193763816
811,5,6.0,5.0028757689595675,6.003644026908996,0.017910041410350533,0.017921673254282237
812,5,6.0,4.979064357801097,6.006902360622155,0.016657803056046253,0.016686945454194305
813,5,6.0,4.992368864644445,6.024716723892411,0.016626280613246912,0.0165837258556723
814,5,6.0,5.012802246116465,6.014757487890286,0.01593880857983184,0.01584316061824672
815,5,6.0,5.00574611166672,5.998501135034121,0.01788892306477624,0.018343911493662685
816,5,6.0,4.992138217015273,6.010446655626283,0.0166700972646218,0.016669913280068456
817,5,6.0,4.9960226018153655,6.003119955307189,0.01630880197724475,0.01627762038719436
818,5,6.0,5.003093576165636,6.006806795641132,0.016693668113425025,0.016689284206316695
819,5,6.0,4.999327221745089,5.994335670342734,0.01654252458268373,0.01633465169316434
820,5,6.0,4.992097039232592,6.001405430085909,0.0161366453381795,0.015692732168131402
821,5,6.0,5.000443042775144,5.981171653221869,0.01734133050990571,0.01730909159762732
822,5,6.0,5.005576135832463,6.013957738807613,0.015548042373149782,0.015568476353119897
823,5,6.0,4.963675329196048,5.995296970498546,0.01660363791254784,0.0168231991381828
824,5,6.0,5.0122370327481365,6.016623096141458,0.017222618741825742,0.016588633244096845
825,5,6.0,5.010668708036309,6.002571766723541,0.01734675465663898,0.017438729656344937
826,5,6.0,4.998353778895399,6.019200060477153,0.017222984882352892,0.017140119229043967
827,5,6.0,4.978428605866238,6.025377764035547,0.01810250019484574,0.018025512462124273
828,5,6.0,4.987684633880778,5.994211490137512,0.018305426663840243,0.018058357329625012
829,5,6.0,5.005737412754674,5.997429056827479,0.01737440889438106,0.017227679537129188
830,5,6.0,4.989114383345548,6.0010169898986785,0.01653631162031231,0.016429854248148374
831,5,6.0,4.988796629527713,6.01382783529665,0.017020404520137564,0.01709375478516325
832,5,6.0,4.985394488178283,6.001037126289803,0.01726375103919606,0.017519180983519553
833,5,6.0,5.007609075746694,6.020625623506837,0.01936159730637284,0.019370027035355897
834,5,6.0,4.996762451309945,6.002707375611671,0.015821588432505307,0.015732560261604512
835,5,6.0,5.0129195246993365,5.9746362153943116,0.0154911743259209,0.015262328890673645
836,5,6.0,5.034389070094886,5.980948772152606,0.016481935646807284,0.016633494041040826
837,5,6.0,5.0176598297703,6.01274070525404,0.016842389038773258,0.01683970902890844
838,5,6.0,5.03268297195295,6.006777477620517,0.01779730861786916,0.018049135728412574
839,5,6.0,5.002533961763523,6.018873951166901,0.01857405190680076,0.018630435494400875
840,5,6.0,5.000534087913071,5.9912679980850045,0.01681732543319072,0.016792560544883848
841,5,6.0,4.970986623837031,6.025429375597833,0.017464719067397994,0.01719393544937616
842,5,6.0,5.005202243114112,6.016941276261022,0.01811119996207523,0.018199992781873106
843,5,6.0,4.9977464143753165,5.993971474866774,0.016967245471167642,0.017028927280164547
844,5,6.0,4.975898921479077,5.9617254767055305,0.016805836380542827,0.01670719905491046
845,5,6.0,4.993978436153122,5.982382112408086,0.01695920759686892,0.016884838704275942
846,5,6.0,5.0118914064134135,5.997689631132427,0.016578493673691096,0.016478466925752888
847,5,6.0,4.974298887017795,6.000852929865666,0.015135230177993432,0.015421452615528857
848,5,6.0,5.004570789717051,6.0044699013835805,0.01619076805664876,0.01627591445040822
849,5,6.0,5.015351883867286,5.950721180935962,0.017875949769114618,0.017677305605421367
850,5,6.0,5.004482753489576,6.0245933538517535,0.016566524165174915,0.016562489233677407
851,5,6.0,5.00939122257444,5.979189902730961,0.017516843046868586,0.017451652122059912
852,5,6.0,4.976225229205928,5.994217758479309,0.017774797887202553,0.01780200738680165
853,5,6.0,4.979113541542727,6.041112969940942,0.016998355899404915,0.017054289193534154
854,5,6.0,4.984265380537443,5.981268333318601,0.017448633377312405,0.01779573089790856
855,5,6.0,4.99346588960335,6.023176613825105,0.016197643206860034,0.01648592077679521
856,5,6.0,5.015630022291763,5.984002862598008,0.017646214812061568,0.017633057232423383
857,5,6.0,5.001862604590092,6.017441134640693,0.01718841696745694,0.01706855779839592
858,5,6.0,4.9868971102480115,6.037576680001747,0.017485805061315873,0.01749358549268959
859,5,6.0,5.0143802437730525,6.011522988538659,0.015799130440579096,0.015867952460556327
860,5,6.0,4.996698097819774,6.0072022051103495,0.01578543875717078,0.015717509389173025
861,5,6.0,5.009623643506266,5.976514820784479,0.01730280725976361,0.017419718972793333
862,5,6.0,5.003666136391369,6.011837288676058,0.014732907422898315,0.014684761549761538
863,5,6.0,4.996876824629199,6.007823279502403,0.01779533266990808,0.017736523565770934
864,5,6.0,5.019352510174497,5.974524594824229,0.018609441792981147,0.018475261105599838
865,5,6.0,4.966228034332146,6.012526608280887,0.01691467768406304,0.016759299358740935
866,5,6.0,4.996685968441753,5.965946532663825,0.016772741692582173,0.01703586049285317
867,5,6.0,5.0125182121693195,5.992854118554306,0.016962551185612088,0.01688041297001375
868,5,6.0,4.983808866987085,5.999761958080411,0.016268305925506408,0.016260966807436963
869,5,6.0,5.016580865332482,5.979642412741216,0.016991264724781116,0.016671611109681968
870,5,6.0,4.990556492436683,5.986615300127169,0.016011368310268625,0.016289533642241453
871,5,6.0,4.995068131165761,5.983737291671686,0.016469656885212146,0.016541684099843024
872,5,6.0,4.957789623615663,5.996927529632687,0.0181605050059137,0.018034940973994783
873,5,6.0,4.999248070111414,5.996978448731654,0.015982075916599305,0.016041511970745263
874,5,6.0,5.012198712298721,5.981241152546,0.01667489689980305,0.016499886089324994
875,5,6.0,4.983817615545717,6.005142242976621,0.0180096866378131,0.018020414473135564
876,5,6.0,5.0265911502303675,6.03503449718523,0.016436924274100113,0.016406816138440694
877,5,6.0,5.016156340207291,5.980839864182464,0.016143412129377397,0.01597474994291129
878,5,6.0,4.998278863542336,5.976953692124467,0.017357472653826214,0.017419662956999964
879,5,6.0,5.04022637475379,6.0361710274322435,0.016846204186237928,0.016938241308924983
880,5,6.0,5.007558033011895,6.0096322081317295,0.0160788118580306,0.01613748223339318
881,5,6.0,5.0026094105790255,5.998478714597773,0.017009733063402165,0.017381046375006683
882,5,6.0,5.002316757775505,6.0129779498237745,0.016397317369778234,0.01618252219010321
883,5,6.0,5.007390529391127,6.009337023450849,0.0173379384932688,0.017126905090405157
884,5,6.0,4.994102958620398,5.997742249023749,0.015601073584701931,0.01533760988506847
885,5,6.0,5.023649310037297,5.99074471368332,0.017632044527428437,0.01780966689340743
886,5,6.0,5.018421120469579,6.027790180152715,0.017225630149827434,0.01751485651176141
887,5,6.0,4.985027418672216,6.007208083715368,0.01620151236724941,0.016161275516952563
888,5,6.0,5.018901448392056,6.007288118337648,0.016823974663586018,0.016720938045921504
889,5,6.0,4.975284183602438,6.011798051538262,0.018634071048072784,0.018570673088286464
890,5,6.0,4.983450765736942,6.032033887704654,0.01689254070414871,0.016835614524492372
891,5,6.0,4.991109417599729,5.99195361123882,0.017549977408030742,0.01744758789750481
892,5,6.0,4.9980734516756495,6.0333803405524495,0.01665637966088169,0.01662436557616846
893,5,6.0,5.015078376125908,6.000637802501079,0.01738626888233789,0.017129553122238548
894,5,6.0,5.019534574237978,6.003073995133782,0.01658351708880064,0.016543584779069438
895,5,6.0,5.0004842089865384,5.97727074705427,0.019083779496305835,0.018923763440688968
896,5,6.0,4.99471574769238,6.002860117167766,0.0179097521125656,0.01790852230433916
897,5,6.0,5.01906406879285,6.020914415298788,0.016155659705181787,0.01628159482401585
898,5,6.0,4.989419266164627,6.0110841279893865,0.01660952168478464,0.016560798741230287
899,5,6.0,4.996448516628003,5.986686766315395,0.01796519781465412,0.017753825466957477
900,5,5.5,5.0132766554840895,5.493745855249273,0.017160095358804688,0.01710183814220929
901,5,5.5,4.996356278758991,5.517320873214927,0.016424400750565556,0.01630000098015015
902,5,5.5,4.990428792402382,5.527946927616855,0.016672004715850244,0.016480227030788438
903,5,5.5,5.0112796056620414,5.506861135991326,0.0171903219163784,0.016991277862478095
904,5,5.5,5.010979828221979,5.53698119704163,0.016772226320456544,0.0168033911888048
905,5,5.5,4.99647629254726,5.517525369967826,0.0163831743637404,0.016246077797282075
906,5,5.5,4.987324858848505,5.501517089284994,0.01697943778815921,0.017114005446252998
907,5,5.5,4.97098366798736,5.51637007770658,0.018204111024783094,0.018136016782418666
908,5,5.5,4.99726884361565,5.480938885993828,0.01671694581534686,0.016802883453914147
909,5,5.5,5.011361654103139,5.4848821577434705,0.015942719936041502,0.015922816607459124
910,5,5.5,5.012509305535509,5.515116294380637,0.018533293157225537,0.018118357001896037
911,5,5.5,5.013689138006544,5.493981039217226,0.01822037038798501,0.018339557452430457
912,5,5.5,5.013562483158986,5.549457387911084,0.016333551705866232,0.016219052288315387
913,5,5.5,4.9679408464331765,5.4877493106643,0.01864487264756053,0.018557485733282048
914,5,5.5,5.0540934868913245,5.470543790656102,0.018231850445724472,0.018301006110909342
915,5,5.5,4.992822838757348,5.525002807244057,0.01835307145928235,0.01823547346922368
916,5,5.5,4.998662195607338,5.511294615728726,0.016694376660420823,0.016520045461800425
917,5,5.5,5.005140225997449,5.496574006507241,0.01651808910135069,0.01645486692974221
918,5,5.5,5.014723321831793,5.494843449367741,0.01655883476958626,0.01691655717860741
919,5,5.5,4.9865835065846245,5.511856770700189,0.017398593222018675,0.017533226022283493
920,5,5.5,4.990205749240965,5.493112812051971,0.016675203080213273,0.01629633308566719
921,5,5.5,4.975092373536478,5.494438580309879,0.017814797245650063,0.01765440034193711
922,5,5.5,4.987349590603011,5.5121988702328215,0.01811213964996051,0.017999334242450423
923,5,5.5,4.990518009382241,5.501713595930475,0.016202526992089253,0.015992700617200015
924,5,5.5,5.008590454715016,5.502599608389374,0.016054837217829,0.016089314969604737
925,5,5.5,5.032074108371342,5.49772815354643,0.01963475767942989,0.019427075014739004
926,5,5.5,4.981259623370342,5.491031915872106,0.019371075867700135,0.019161776979460574
927,5,5.5,4.983531677963001,5.514104059583273,0.01818609281158738,0.01790866624550042
928,5,5.5,4.993317943950297,5.517652845993148,0.017998578385005543,0.017524516024101346
929,5,5.5,5.0109478640680765,5.518712404090089,0.018204965734203077,0.018292315917828178
930,5,5.5,4.976018786189798,5.4927715855368815,0.017295704733966667,0.017067222713311254
931,5,5.5,5.008773294545671,5.48979150091907,0.015648927402291218,0.015558535669129637
932,5,5.5,5.012346726271163,5.513144336177522,0.01734606115907959,0.017138685515275243
933,5,5.5,4.998079711764337,5.465155952952241,0.018337940874047422,0.018247193428473203
934,5,5.5,5.00842850401125,5.486356184911166,0.01811715241976791,0.018009601153889804
935,5,5.5,5.011641997704628,5.491622700430326,0.015045693165033071,0.015060112841967241
936,5,5.5,4.991917812273799,5.498241895242645,0.01542930986771667,0.01562071718240682
937,5,5.5,5.002704485819984,5.504341754381736,0.018311185885299276,0.018202990206173265
938,5,5.5,5.011174033909408,5.478526616201592,0.017274194894523982,0.017238193682662065
939,5,5.5,4.991646687582963,5.5029051519008005,0.017214088644500553,0.01735007460038833
940,5,5.5,4.985423580748318,5.509668681104609,0.01809677572525867,0.017927648567055428
941,5,5.5,4.981302641516808,5.502245556993553,0.016766743300946484,0.016601528803596652
942,5,5.5,4.982949934643748,5.5396046818268285,0.016683788442604947,0.016615607379331713
943,5,5.5,5.0057261846597925,5.505582498880515,0.016114258037934835,0.015990122322457098
944,5,5.5,4.982935900007164,5.509086502470012,0.01821377707771128,0.01819853056381971
945,5,5.5,4.991905601124294,5.497240455303338,0.018367351335957946,0.018406363716991322
946,5,5.5,5.044171108698544,5.500195432078783,0.018303013071360594,0.018361429008779278
947,5,5.5,5.0026647260251496,5.478864212277354,0.017236146990366217,0.017277208149752924
948,5,5.5,5.00431715967759,5.490171026366145,0.018164265439107142,0.018247163047251633
949,5,5.5,5.011941653343418,5.505173426965774,0.015808026803828302,0.015763396698339666
950,5,5.5,4.999397135929221,5.500199977872112,0.016442216321422044,0.01637393999138129
951,5,5.5,4.995454108741401,5.5225791278053675,0.016596663521051356,0.016695649706317855
952,5,5.5,4.982773020555565,5.4925346306794625,0.01615597270234601,0.016275960585803696
953,5,5.5,5.023039972106416,5.525332338812947,0.01622714528304547,0.016106626338350822
954,5,5.5,5.018105237393919,5.506998854102658,0.017196581007110714,0.017059372654768614
955,5,5.5,5.000180479549808,5.490064600455758,0.0174675929846331,0.0175445523905242
956,5,5.5,5.00264180152327,5.508952047629519,0.01741954489377538,0.017500797151867954
957,5,5.5,5.007073861409689,5.4789598033136055,0.01768373859807259,0.0174224545031583
958,5,5.5,5.007061864554834,5.4778915301038085,0.01467558491903841,0.014650801619705311
959,5,5.5,5.022373764367567,5.511195672401297,0.016898694844226125,0.01677372578928657
960,5,5.5,5.001980206086547,5.487107031442393,0.016991255812893763,0.016833542966562923
961,5,5.5,5.0086875149418315,5.508208989705457,0.016156856375009087,0.015817731270139874
962,5,5.5,4.988092587241572,5.496298542696419,0.017224516725380303,0.017132929011936863
963,5,5.5,5.003354157829961,5.485695551712176,0.016969522911035588,0.017024435259436404
964,5,5.5,5.0007878674688335,5.519335673108874,0.01580361244280379,0.015704139999557547
965,5,5.5,5.003778990963603,5.49934690183965,0.016987667383361535,0.016742590062159467
966,5,5.5,4.976549604539098,5.503646494979426,0.017431731644010944,0.017134787713680558
967,5,5.5,5.015342243762828,5.4858937882591,0.016474383266234734,0.016289252526690442
968,5,5.5,4.981857499215691,5.506088491603054,0.01794116235086602,0.017999150628734462
969,5,5.5,5.003353347657798,5.492341895066382,0.01619520367020318,0.016136131817844564
970,5,5.5,5.001454581406693,5.461684971168659,0.017730637333089803,0.017965712696455607
971,5,5.5,4.993718605208377,5.5023358492312315,0.018142458890483486,0.017964081419074518
972,5,5.5,4.979003926959197,5.496696397490403,0.017499967631484575,0.017705525458309907
973,5,5.5,4.987312909511902,5.499231740488592,0.017683548981611966,0.017788595672470688
974,5,5.5,5.029656053295607,5.494940831129107,0.018180917142560492,0.01823862608949484
975,5,5.5,5.012389544789088,5.535768919936985,0.01661786140665172,0.016266918313330058
976,5,5.5,4.98657026946633,5.46577958412238,0.017129322963694824,0.017016366489586078
977,5,5.5,4.970543406656632,5.504984507636913,0.01625285685851588,0.01627411963389058
978,5,5.5,4.9976007287697755,5.466231810585232,0.016299167413223178,0.016146768263204558
979,5,5.5,4.989077442311879,5.463408137735269,0.01765047891539633,0.017584307031395765
980,5,5.5,5.019578076621324,5.497174357784664,0.017918119799418705,0.01791560128176831
981,5,5.5,5.01830733370902,5.505039303886311,0.01826628891593545,0.018037281005973585
982,5,5.5,5.017536603041871,5.495867259728334,0.017373202825087156,0.017012826326939647
983,5,5.5,5.003074301307437,5.526834076899647,0.016954795436354864,0.01675041670661649
984,5,5.5,5.03497966338334,5.488411486958623,0.016119595699362964,0.016068889541129304
985,5,5.5,4.998611374161827,5.502201977013915,0.0154863029571445,0.015272754034192426
986,5,5.5,4.975344734866877,5.497826220604428,0.016987856515479998,0.016851845624233083
987,5,5.5,5.000836372998272,5.507573265195691,0.01948568465456227,0.019330855638239167
988,5,5.5,4.993834267158346,5.498671424605557,0.016539755902893534,0.016514728817094714
989,5,5.5,5.033813498421135,5.490268671856444,0.01398106826975907,0.013817896480127736
990,5,5.5,4.994299671165484,5.486584617081155,0.017030588134343577,0.01699911376908279
991,5,5.5,4.997008132024727,5.491627606340647,0.016277739590630596,0.016141843480018507
992,5,5.5,4.9772513449838325,5.507185601826147,0.01605618634363073,0.01622932242976316
993,5,5.5,5.0253569016340265,5.472036507284607,0.017217514114491336,0.016912751594422848
994,5,5.5,4.966594356867985,5.4958191644125,0.01647204856339844,0.016478555134191657
995,5,5.5,4.973020666632158,5.493552832876872,0.015823720045385653,0.016050021501715566
996,5,5.5,5.000456577354268,5.471494827994861,0.01630453238381246,0.016244964093177213
997,5,5.5,4.999697815859572,5.495926926331366,0.01688008879862756,0.01693321595832823
998,5,5.5,5.002117356603167,5.483015456230436,0.0164129114361982,0.016259208445519542
999,5,5.5,5.004420197213807,5.508608378397268,0.016656998627322308,0.01626660841286751
1000,5,5.0,4.970889170267891,5.00116380957754,0.01669253347942933,0.016283378206845802
1001,5,5.0,5.015882538513296,4.962052433280683,0.017809438391136218,0.01794896524206558
1002,5,5.0,4.9822566754642725,5.024996805712273,0.016625427067820893,0.016264217558073443
1003,5,5.0,5.005573029285315,5.003656077299554,0.017961630668685308,0.018127297837336808
1004,5,5.0,5.000020102864907,4.994422228005048,0.017594823940061725,0.01758841101443344
1005,5,5.0,5.021069996227314,5.0311077635275545,0.015829142726506883,0.015849388618170437
1006,5,5.0,4.986262134586948,4.990764911736006,0.01661728209886663,0.016256807605314786
1007,5,5.0,5.019164065897319,4.97797664015299,0.018070596970322768,0.018377846777763846
1008,5,5.0,5.0011519787816106,5.007020655265402,0.0158435832099864,0.015732509782154316
1009,5,5.0,4.978355544368812,5.008301076585421,0.01770088543490124,0.017488475184937128
1010,5,5.0,5.025461726433115,5.003429130557119,0.016629061247314263,0.01674810928235172
1011,5,5.0,4.9633973251889465,4.9767399842696864,0.01752054236929494,0.017631467894310034
1012,5,5.0,5.027183498033333,5.005020096468586,0.017768194253139347,0.01784373860805943
1013,5,5.0,4.998466178294857,4.994884765759506,0.017152291715747368,0.017282133368529035
1014,5,5.0,5.010757814083392,5.007295547347058,0.015482793290525777,0.015701446091432675
1015,5,5.0,5.0156355573354325,4.996727767546627,0.01846478246004514,0.018616159495449192
1016,5,5.0,5.006560696632396,5.017565553667749,0.01785448568561914,0.01794601005334819
1017,5,5.0,5.031028497342371,5.006671402412112,0.018932816957220062,0.018975392423967615
1018,5,5.0,5.0170761550878025,4.979263167575749,0.016582817682143165,0.016631598310305695
1019,5,5.0,4.962111888197659,4.98929266293861,0.018249036345176294,0.018351926083198553
1020,5,5.0,4.991177539928438,5.022459398026986,0.016937513822876116,0.01673692522837532
1021,5,5.0,5.025423053972299,4.994186900551822,0.016146552890172926,0.016700491274762936
1022,5,5.0,5.006303565899216,5.032479008273909,0.017506027242286063,0.017571866463868182
1023,5,5.0,4.987446752746289,4.9857798962774025,0.016814081410575908,0.01659038109910136
1024,5,5.0,4.9864311439817275,5.015155182712672,0.016925695213710356,0.01634787138904886
1025,5,5.0,4.992165329255662,4.987716342800919,0.01821422661514548,0.017931004001464138
1026,5,5.0,4.984112609583097,5.016956421327197,0.018027806226263713,0.018007141799369457
1027,5,5.0,5.004915982817252,5.022160062280276,0.01703306857764774,0.01711065790533818
1028,5,5.0,5.01534055508976,4.998603505897245,0.016565495060398575,0.016469938185319607
1029,5,5.0,5.010952580593371,5.016254872253832,0.018594339388687472,0.018638150460080594
1030,5,5.0,5.013883350022469,4.98263172114279,0.016607332662571785,0.016629640446573054
1031,5,5.0,5.001151414740353,4.987040074590976,0.016311728827383572,0.016462962731563436
1032,5,5.0,5.0204507205316435,5.028462160829242,0.014998531842181325,0.01513073872900967
1033,5,5.0,4.986309494558908,5.003219468074397,0.01819563490594549,0.0181828125333685
1034,5,5.0,4.98659100022471,4.990059913935953,0.01739298765689677,0.017349835908841902
1035,5,5.0,5.022119460069572,5.0189277808584265,0.015983285721640757,0.01606672727698587
1036,5,5.0,5.000338010733915,4.9977527942346525,0.018519966078144164,0.018070339289344033
1037,5,5.0,5.000643895172924,4.983677862675659,0.01732038544576299,0.017268460972301874
1038,5,5.0,5.003014480354591,5.01029906425388,0.016744556948848046,0.016851238615767747
1039,5,5.0,5.006408216541363,5.029307250600788,0.016743557303909615,0.016533558589347696
1040,5,5.0,4.97138663406903,4.995841811211984,0.01728016830710841,0.017061969090484047
1041,5,5.0,5.013502584982283,5.000419873347872,0.01660472809049383,0.01688808955729542
1042,5,5.0,5.007683625533203,5.007584223218997,0.018485408648986706,0.01862237564082171
1043,5,5.0,4.998595341911844,4.990026448572088,0.018509876799986655,0.018472129529581372
1044,5,5.0,5.006072412104162,4.979853335067029,0.016861091422729492,0.01677025648499832
1045,5,5.0,4.982191727447432,5.005147467777488,0.017704654543106678,0.017781379349202375
1046,5,5.0,5.011094381920391,5.015131579972656,0.017071041392565305,0.01699416490399847
1047,5,5.0,5.0009731351285645,4.993708240859529,0.017819737566126207,0.01789536336652961
1048,5,5.0,4.975140568135097,5.000140564480134,0.0170888573619927,0.017137747742034564
1049,5,5.0,4.995343641439443,4.987432666839851,0.016556374129608004,0.016299617943996272
1050,5,5.0,5.025634021657913,5.003245553105339,0.017976331076238652,0.01780191353277795
1051,5,5.0,4.96210765126017,4.99290257228171,0.017148908856974066,0.017029375022917775
1052,5,5.0,5.009981563924121,4.998794700658893,0.018033000239316387,0.017933517420869686
1053,5,5.0,4.979146695847875,5.011255270567857,0.01812453071416405,0.017897961185943723
1054,5,5.0,5.0127009204949,5.0213421592058785,0.016127116798691676,0.016276677645728578
1055,5,5.0,4.971763280707179,5.022421503487803,0.016699141334113776,0.016952746967834234
1056,5,5.0,5.011364593037988,5.001821837254202,0.01672474116003807,0.01698795766668001
1057,5,5.0,4.987535610534002,5.041492489468461,0.017997576600600192,0.018260658622256575
1058,5,5.0,4.98596418690416,5.041307508450362,0.016318697146588332,0.0163805393384314
1059,5,5.0,4.991254715730121,5.0117836495668024,0.01706432063018705,0.01737191397030112
1060,5,5.0,5.002840485966786,4.985163555863692,0.018119156802292712,0.018131606828111404
1061,5,5.0,4.970588883943039,5.003061308947434,0.015538846174529145,0.015250775664436729
1062,5,5.0,4.968416325565755,4.992859383894246,0.016756506317043528,0.016631706298859184
1063,5,5.0,5.017531673223533,5.026306785325928,0.016693464720251707,0.01681505105310704
1064,5,5.0,4.978889874899176,4.993308040357478,0.015927960830250023,0.016023807615359077
1065,5,5.0,5.0016421090147425,4.978791739458837,0.016261361960885488,0.01628472420578499
1066,5,5.0,4.972794184025912,4.989426272298628,0.017156340901549348,0.016955673162280763
1067,5,5.0,4.959990453737685,4.965695580483809,0.01821970647285428,0.01808843213859585
1068,5,5.0,5.020034189567557,4.998025497848503,0.017867179198492344,0.017691450114558072
1069,5,5.0,5.012376595380897,5.009296987136797,0.017049944297286825,0.01702505408001361
1070,5,5.0,4.992896401402559,4.983505633858542,0.01578496477450082,0.015639967815176986
1071,5,5.0,5.029262147012252,5.009003306682477,0.019299750381610335,0.019104241382216516
1072,5,5.0,4.9970270476575305,4.997483461833564,0.0166277031494034,0.01660218293099928
1073,5,5.0,4.994046773406002,5.018257602250884,0.015899057242113497,0.015620782829169554
1074,5,5.0,4.9734327867301875,5.002631228574527,0.015763276120570102,0.015884876167775876
1075,5,5.0,4.9785270531555765,4.989856292032813,0.019465131581456168,0.019743881189350283
1076,5,5.0,4.983053387458,5.023917811910005,0.019135332797484146,0.01898469856968866
1077,5,5.0,5.019543371463679,4.995187015710792,0.01611431407549861,0.016086333630731052
1078,5,5.0,5.021546845657943,4.997851679306804,0.01742333666215571,0.017527566296427544
1079,5,5.0,4.972971181740674,4.988940311139917,0.01652363095724785,0.016637916232679253
1080,5,5.0,4.991216866613339,4.971953454852939,0.016815739024193987,0.016716039195328256
1081,5,5.0,5.0158767661729815,5.029959086867978,0.019041805421923352,0.0192313904354192
1082,5,5.0,5.021934734240046,4.9957057246501035,0.016266128788806507,0.01614351525336072
1083,5,5.0,4.998348339861998,5.000638180453494,0.018962743599339704,0.019257588055932508
1084,5,5.0,4.979390964129711,4.997099012711979,0.016574658187712765,0.01645226740735443
1085,5,5.0,5.014070295155544,4.990731645596504,0.018194360655845645,0.018386057608663582
1086,5,5.0,5.041259722585438,5.010321560889755,0.015480369110623338,0.0154863994315025
1087,5,5.0,4.966685713903268,5.009056229345778,0.016095641409605527,0.015960247215050193
1088,5,5.0,4.978878300240741,4.9651056713750075,0.017553494631769577,0.017660192126068366
1089,5,5.0,5.05003692002297,5.003919102076909,0.017410485992791703,0.017317468206333408
1090,5,5.0,5.008391605916091,5.000144684164834,0.018158960557296804,0.018174018271075634
1091,5,5.0,4.991390663462615,5.015279741370401,0.016893107417024166,0.017239171186618357
1092,5,5.0,4.970179819203999,4.968735039643848,0.01649285284840131,0.016665896706908066
1093,5,5.0,4.995809542849273,4.970409218383136,0.01758519746681575,0.017747271679537584
1094,5,5.0,5.0046822699348175,5.011519951751653,0.01602001547399197,0.016152963510674766
1095,5,5.0,4.989762640999867,4.999631241033378,0.016524202056123823,0.016748179303615662
1096,5,5.0,4.9712979521598,4.995573613066141,0.016294126351431255,0.01637593635919739
1097,5,5.0,5.027143524361353,4.986870692831957,0.01641131413401889,0.016592272675404283
1098,5,5.0,5.010500562964313,5.005762747245716,0.018213310075110557,0.01800102021551628
1099,5,5.0,5.01388038234087,5.008591419934175,0.017097673272582548,0.01706311415608283
