,real x,real y,x fit,y fit,x stderr,y stderr,star flux,variability percentage
0,5,5,4.994198922025256,5.005478571420169,0.004980349824668224,0.005043156620254156,1000,0.14500000000000002
1,5,5,5.013437760365137,5.001159000480888,0.004577336699986483,0.004577723022805905,1000,0.14500000000000002
2,5,5,4.99771137593522,4.9946783325038595,0.005225747837538013,0.005191542712234581,1000,0.14500000000000002
3,5,5,4.995678431950131,4.99258065459673,0.005330044351218948,0.005249752693282928,1000,0.14500000000000002
4,5,5,5.002631255183324,5.006708339926313,0.0049719327570888205,0.004981147775024718,1000,0.14500000000000002
5,5,5,5.005058661320114,5.007495957156697,0.005588187544696288,0.005632068017093816,1000,0.14500000000000002
6,5,5,4.9968341813908035,4.997581623706983,0.004911283552956333,0.004934745131981231,1000,0.14500000000000002
7,5,5,4.999726915812251,4.995454322362942,0.005087985382907446,0.005056941925984482,1000,0.14500000000000002
8,5,5,4.993533550178638,4.991333597142004,0.005148249962825737,0.005174184752293126,1000,0.14500000000000002
9,5,5,4.991150956075013,4.999510811253592,0.005423018060817149,0.0054200965443116315,1000,0.14500000000000002
10,5,5,4.99501451220225,5.0004759404303,0.005230059093203533,0.005214012667202677,1000,0.14500000000000002
11,5,5,4.996982401270448,5.003620641528008,0.005007232453439898,0.00503997901850745,1000,0.14500000000000002
12,5,5,4.9934687895098575,4.997592707911398,0.005083811272856725,0.005054661530019835,1000,0.14500000000000002
13,5,5,4.9919582967963265,5.0032137133258106,0.0052636173989036176,0.005293062966053745,1000,0.14500000000000002
14,5,5,5.014111290501388,4.998875451018118,0.005218026291539752,0.005232750042320017,1000,0.14500000000000002
15,5,5,5.000911069252005,5.003746781863368,0.005218719250061485,0.005217606146682594,1000,0.14500000000000002
16,5,5,4.989439726652916,5.004371720275309,0.005139305253473774,0.0051355016519443655,1000,0.14500000000000002
17,5,5,5.007786938116954,4.995841106576469,0.0050313544715784725,0.00505215855949145,1000,0.14500000000000002
18,5,5,5.007096264310802,5.00347118215413,0.0049646441293617226,0.00492083546098718,1000,0.14500000000000002
19,5,5,5.001312614818132,5.005376651788935,0.005182668575560433,0.005156442995342556,1000,0.14500000000000002
20,5,5,4.997376403617788,4.992771266963469,0.005103739871169521,0.005138604980471842,1000,0.14500000000000002
21,5,5,4.9983274605521055,4.996391558601543,0.00498773660335559,0.00504483199615697,1000,0.14500000000000002
22,5,5,5.010439352091142,5.002364676286057,0.005352499600535074,0.00534855091988415,1000,0.14500000000000002
23,5,5,5.0007347868821785,4.991700566191696,0.005149604941960162,0.0052106192649686075,1000,0.14500000000000002
24,5,5,4.997608560298706,5.003414874647995,0.0048058022265629425,0.004827094530537221,1000,0.14500000000000002
25,5,5,4.999962562070812,4.994066212369768,0.005228951041678259,0.00528644688454187,1000,0.14500000000000002
26,5,5,4.999206109539643,5.008518979714114,0.00558956133489842,0.005577564026193456,1000,0.14500000000000002
27,5,5,5.001842181566466,4.998955928788974,0.005170032663375856,0.005187398274609813,1000,0.14500000000000002
28,5,5,5.004254352716873,5.004865158509727,0.004985058180157991,0.004974793089775788,1000,0.14500000000000002
29,5,5,5.00114563236329,4.986615123652043,0.005056736788184757,0.004962455833099727,1000,0.14500000000000002
30,5,5,4.99278075203928,4.999671500395159,0.004638062619983152,0.004667779962846968,1000,0.14500000000000002
31,5,5,4.99758202195339,4.999133568101352,0.005255029769851195,0.005272289660638886,1000,0.14500000000000002
32,5,5,4.9986973506051555,4.993382175918804,0.0050412146367338805,0.0050553225545166705,1000,0.14500000000000002
33,5,5,4.994723107530044,4.9947067291554115,0.005173179363099698,0.005094702515797703,1000,0.14500000000000002
34,5,5,4.998792297859549,4.98465037920745,0.004827630367438662,0.004805792260299489,1000,0.14500000000000002
35,5,5,5.0018356214707875,5.006146584317479,0.005050596512014245,0.005100618692280915,1000,0.14500000000000002
36,5,5,4.9961159047231,5.002304942181703,0.005436782919469651,0.005476338018665946,1000,0.14500000000000002
37,5,5,4.988753562883743,5.003762938364488,0.005440472198161226,0.005342719000203144,1000,0.14500000000000002
38,5,5,5.011783143591163,5.001168851411402,0.004716074832803458,0.004730747740328761,1000,0.14500000000000002
39,5,5,4.998622417051338,5.003271656032271,0.004809004407878094,0.00481038487119544,1000,0.14500000000000002
40,5,5,4.995724924551994,5.007551611321715,0.005294574894899859,0.005305023725489279,1000,0.14500000000000002
41,5,5,4.9965450516033325,4.990844183080158,0.00518906744462376,0.0052155246483009355,1000,0.14500000000000002
42,5,5,4.992005113888568,4.99793633751932,0.0050550013094899275,0.005081358378497372,1000,0.14500000000000002
43,5,5,5.00294290928204,4.999232442131571,0.005329879890394653,0.005281131226992884,1000,0.14500000000000002
44,5,5,5.001541062066069,4.999964387131256,0.005267898364337123,0.005249790178465146,1000,0.14500000000000002
45,5,5,5.007365076505773,5.007362573011911,0.00515817307143554,0.005170539284970148,1000,0.14500000000000002
46,5,5,4.987103390280165,4.99888398001039,0.005463917810412338,0.00550677568609794,1000,0.14500000000000002
47,5,5,4.996901379330499,4.988398108397052,0.005261253078195691,0.005265091795704694,1000,0.14500000000000002
48,5,5,4.998315999704697,5.003246397445401,0.005027656485888779,0.005055995946232473,1000,0.14500000000000002
49,5,5,4.996676044302855,4.988364995344003,0.005115599981097296,0.005069098088321633,1000,0.14500000000000002
50,5,5,4.9923887314418005,4.997524637855243,0.005283489676033419,0.005286656080789048,1000,0.14500000000000002
51,5,5,4.990475000641734,4.989791136519767,0.005093094152030705,0.0050990896538685255,1000,0.14500000000000002
52,5,5,4.999328827222857,4.99164365892679,0.005348535080904849,0.005351858631269108,1000,0.14500000000000002
53,5,5,5.003399041990825,5.0032175597588955,0.005143225289059489,0.0051406070827746415,1000,0.14500000000000002
54,5,5,5.0062993843055175,5.0012050081310635,0.005257554548796886,0.005215800984976906,1000,0.14500000000000002
55,5,5,5.000092926864438,4.999009601571078,0.0055158033320244545,0.005498893303261314,1000,0.14500000000000002
56,5,5,4.995768495987326,4.997644538737787,0.00495378383700958,0.004984978551270036,1000,0.14500000000000002
57,5,5,4.993952990570158,4.995877946612072,0.004817176372028241,0.004857869558333458,1000,0.14500000000000002
58,5,5,5.000981527348322,5.004965117374899,0.005080169612741286,0.005147450424018357,1000,0.14500000000000002
59,5,5,5.001194076495813,4.998357278472827,0.00474857086089061,0.004776315326296418,1000,0.14500000000000002
60,5,5,4.997184967836093,4.997058027157889,0.004921971259498396,0.004952457981051595,1000,0.14500000000000002
61,5,5,5.003045119852046,5.002463587038278,0.004662959616651801,0.0047170079724165315,1000,0.14500000000000002
62,5,5,4.993105567036583,4.9953063863382585,0.004866298978179677,0.0048069092563928165,1000,0.14500000000000002
63,5,5,4.9951073849270475,4.996169706056383,0.005738720481432609,0.005646115585431006,1000,0.14500000000000002
64,5,5,4.996451031229283,4.997005051841902,0.004806151329157703,0.004794376676792019,1000,0.14500000000000002
65,5,5,4.999333534209819,4.997643102374095,0.005205307963737582,0.005105033109095443,1000,0.14500000000000002
66,5,5,5.001555962102084,4.992962941961073,0.004947111504695837,0.004881442387637154,1000,0.14500000000000002
67,5,5,4.992176053075835,4.999164212608479,0.0055602652071178125,0.005528384622391941,1000,0.14500000000000002
68,5,5,4.992129155700106,4.998770372229511,0.005055211086173652,0.005044541345788285,1000,0.14500000000000002
69,5,5,5.001422719493479,4.997888577288231,0.004931885835793302,0.004996698751141823,1000,0.14500000000000002
70,5,5,4.992361860344175,5.005938637356046,0.005162255354628095,0.005213538466573498,1000,0.14500000000000002
71,5,5,5.0067849387073196,4.995323717347916,0.004981825422772155,0.005003007627568023,1000,0.14500000000000002
72,5,5,5.002572503972398,4.997227419859563,0.004752969977504191,0.004740867243787302,1000,0.14500000000000002
73,5,5,4.993384134357671,4.999672110725338,0.004811713014895536,0.004895548653306987,1000,0.14500000000000002
74,5,5,5.005827647767191,5.0024092459725,0.0053239982354693505,0.0053076333990036174,1000,0.14500000000000002
75,5,5,5.001881978591023,4.998279808123888,0.00497151359314203,0.004933799790889728,1000,0.14500000000000002
76,5,5,5.013884882861261,4.9954001723677,0.005474013301604003,0.005439308277140436,1000,0.14500000000000002
77,5,5,5.008680880524712,5.001061538926146,0.0044736729763037355,0.004376015951265603,1000,0.14500000000000002
78,5,5,5.0055469691121655,5.000706261441518,0.005342311358695583,0.005451358739292387,1000,0.14500000000000002
79,5,5,5.004761524257801,5.006700257552536,0.00580808601826728,0.005841958148022653,1000,0.14500000000000002
80,5,5,5.003369266943539,5.0014015221787,0.005386851201522836,0.0053833652121399594,1000,0.14500000000000002
81,5,5,4.991560683582047,4.993488694551391,0.005209792168502047,0.005246949828108868,1000,0.14500000000000002
82,5,5,4.994011828682119,4.999291016785019,0.004977366114237098,0.005034302318300368,1000,0.14500000000000002
83,5,5,5.00224929695096,4.998640260280077,0.005000283934271891,0.005032224138338105,1000,0.14500000000000002
84,5,5,4.997267998418406,5.0011300168484984,0.005225969937814297,0.0052050243726298115,1000,0.14500000000000002
85,5,5,5.00096571761632,4.996876028535583,0.005402767266676117,0.005417449278586575,1000,0.14500000000000002
86,5,5,4.996584994328589,5.002650259708594,0.005198829690973244,0.005235364575521475,1000,0.14500000000000002
87,5,5,5.002894884296581,4.9888045107923515,0.004894436257770646,0.0049548666819296495,1000,0.14500000000000002
88,5,5,5.000517754751619,5.0072384753155,0.0052793059939936875,0.005169802368622269,1000,0.14500000000000002
89,5,5,5.0033388272888955,4.989560199960585,0.005481117338623337,0.005497477263919251,1000,0.14500000000000002
90,5,5,4.997439178023503,4.996357926382423,0.005201572012083032,0.00516845640730132,1000,0.14500000000000002
91,5,5,4.99806606319848,5.004244318157168,0.004576956545912995,0.004514827416163461,1000,0.14500000000000002
92,5,5,5.001682537390481,5.002087061032275,0.00558660055623478,0.005568267458571093,1000,0.14500000000000002
93,5,5,4.997294557802585,4.99526322548975,0.004817082298794614,0.004844898684081735,1000,0.14500000000000002
94,5,5,5.001945171779005,5.000603795109601,0.00551754307035687,0.005471365619175895,1000,0.14500000000000002
95,5,5,5.004341228364217,4.985910316175736,0.005326621173123505,0.005268568486739968,1000,0.14500000000000002
96,5,5,4.995663735452791,4.9986874542161726,0.005110783922307364,0.0051871016042040596,1000,0.14500000000000002
97,5,5,4.997509392849086,4.998657406812172,0.005257025293101489,0.005280431897120143,1000,0.14500000000000002
98,5,5,4.997094437933529,4.995676756149407,0.005545147531836007,0.0054741754269651355,1000,0.14500000000000002
99,5,5,5.003585028335573,4.996957290774654,0.005460719134710918,0.005343614588375721,1000,0.14500000000000002
100,5,5,4.996573714531529,4.993862231649601,0.0054294547341038925,0.00547984369054159,1000,0.13
101,5,5,5.000898075239506,5.005102377360636,0.005965467479202296,0.0059630682740484135,1000,0.13
102,5,5,4.999285196363627,5.0070969416451145,0.005712261607194169,0.005770204229286125,1000,0.13
103,5,5,4.9969426267437935,5.0030294001004405,0.005880880069611854,0.005866954582934935,1000,0.13
104,5,5,4.9945746670322935,5.00252719875859,0.005560356575715058,0.005485347729347761,1000,0.13
105,5,5,5.005304143442804,4.9896018439670495,0.005866457730482253,0.005908933063393347,1000,0.13
106,5,5,4.9974408155824515,4.997791138976577,0.005447099564180712,0.005445600609586836,1000,0.13
107,5,5,5.003883690084026,5.013269819191245,0.005890908336505017,0.005930720829520229,1000,0.13
108,5,5,4.990526413379744,4.99605324981434,0.005699674815856834,0.005671506377667362,1000,0.13
109,5,5,4.996897357103492,4.995171585073448,0.005967213193386174,0.005921713970851773,1000,0.13
110,5,5,5.001793637396682,5.0022459488278335,0.005421409993294909,0.005471604878044387,1000,0.13
111,5,5,4.997993631024586,5.00460702805979,0.005936071385605287,0.006044840735946849,1000,0.13
112,5,5,4.995412378372865,5.000592277233454,0.006108124615085572,0.0060907911542030235,1000,0.13
113,5,5,4.9941963411654555,5.005746667380773,0.005600516392827946,0.005505182034366147,1000,0.13
114,5,5,4.999297936782119,4.996610112208553,0.005992953798425385,0.005913555072603302,1000,0.13
115,5,5,4.995587886725861,5.012683238202952,0.0053652699061847815,0.005358561279822158,1000,0.13
116,5,5,5.0097603069619945,4.989558798183505,0.005848553725430548,0.005792435370017347,1000,0.13
117,5,5,5.005001125351651,5.003904532098059,0.005354672397386327,0.005306273999115393,1000,0.13
118,5,5,4.994859879627283,5.004475596256064,0.005823734247103493,0.005707065291266439,1000,0.13
119,5,5,5.004836084858918,4.995054714164325,0.005563200522420704,0.005594329392987188,1000,0.13
120,5,5,5.0050967097253505,4.991142445750954,0.005790160554471802,0.005936966525906056,1000,0.13
121,5,5,4.998564689038107,4.997128100805652,0.006026776141854976,0.006051939970411824,1000,0.13
122,5,5,5.000225927737503,5.00290765286822,0.005946294651719537,0.006031735504200156,1000,0.13
123,5,5,4.995092650099633,5.0003784458508465,0.00573753501566054,0.0057807651038696084,1000,0.13
124,5,5,5.004923452109407,4.992322030416852,0.0058892899928962685,0.005857823522605226,1000,0.13
125,5,5,4.991095439212137,5.0019021869541245,0.0057251049178084785,0.005655026894486487,1000,0.13
126,5,5,5.0085952816440065,4.998179979330593,0.005659404664161227,0.005646794463898684,1000,0.13
127,5,5,4.981535001883914,5.0093683723048565,0.006001268744425553,0.005931191430703528,1000,0.13
128,5,5,4.997774550754791,4.994250513186107,0.0061904975624254895,0.006124250717379185,1000,0.13
129,5,5,5.0017210682223885,4.993150644452449,0.005847093111794034,0.005868209464879825,1000,0.13
130,5,5,5.000168642262104,5.00924681400163,0.005168383473567204,0.00526108397914435,1000,0.13
131,5,5,4.999819979549708,5.010655302594045,0.005937656246536567,0.005965580180624461,1000,0.13
132,5,5,4.998837106269783,4.998929818898481,0.005647636357617619,0.005653685930049076,1000,0.13
133,5,5,5.000655679234059,4.993401351266608,0.005675480795221903,0.005748068760318878,1000,0.13
134,5,5,4.997856668816225,5.001783839198265,0.005342569626107099,0.00537820825082382,1000,0.13
135,5,5,4.9948172186947595,4.996110900906787,0.005446559748623253,0.005372486382511188,1000,0.13
136,5,5,5.00808894365921,4.993867980262315,0.006098163530755335,0.006082979469548837,1000,0.13
137,5,5,5.000970997527881,4.998837022170749,0.005642161206311971,0.005679422348448646,1000,0.13
138,5,5,5.006199717716112,4.993346314632256,0.005899260405903756,0.005861063443589707,1000,0.13
139,5,5,4.988180389841575,5.0088755036634405,0.0056829261365465246,0.005725279537994448,1000,0.13
140,5,5,4.997461049154771,4.996912992881349,0.00598503257253045,0.0060523677280700915,1000,0.13
141,5,5,5.004609061211758,5.010151869814926,0.005736488289808971,0.005810632595225125,1000,0.13
142,5,5,5.001669006618024,4.994510162907874,0.0058259993434516405,0.005811235684357604,1000,0.13
143,5,5,5.002453847775297,4.999378464857959,0.00557545269623105,0.005554093113562442,1000,0.13
144,5,5,5.006496669220132,5.010665204699769,0.005450235052118292,0.005485868586409854,1000,0.13
145,5,5,4.995307658091704,5.002283406979016,0.0055923303520122505,0.005634436947407706,1000,0.13
146,5,5,5.004662508393817,5.009458453810831,0.0057488944596552245,0.005800071078456597,1000,0.13
147,5,5,4.993809382362094,5.00145320452449,0.0056842134940228205,0.005722723469246208,1000,0.13
148,5,5,5.006641734046439,5.005976586654829,0.005989314816670758,0.005980645201141104,1000,0.13
149,5,5,4.999423443200333,5.002854650345502,0.005703550548488192,0.0057733412648982435,1000,0.13
150,5,5,4.999264216719688,5.004816702224659,0.00587736555497601,0.005704154269168449,1000,0.13
151,5,5,5.002293101002734,4.994810927223482,0.005472697311741672,0.0054389194689746,1000,0.13
152,5,5,4.989807104811233,5.002063458009972,0.006312209635760115,0.006362395768546757,1000,0.13
153,5,5,5.007189725894594,4.999303967540636,0.0058545754239452364,0.005738621443460905,1000,0.13
154,5,5,4.994033705347641,4.996477971560476,0.005767800024421248,0.00572218606799793,1000,0.13
155,5,5,4.995745536441321,4.996100769081801,0.00613732282687571,0.006116060971353401,1000,0.13
156,5,5,5.010789050344077,4.999362028534108,0.0055487375485648895,0.005542946330869167,1000,0.13
157,5,5,4.994068783154889,4.997216203347096,0.005678066097991064,0.00578848515302476,1000,0.13
158,5,5,4.995189430036003,4.994056198570318,0.0052832539665353785,0.005270194921817937,1000,0.13
159,5,5,5.005490717442341,5.010439462695613,0.006078534459080789,0.006173182036955337,1000,0.13
160,5,5,4.990023471328471,5.006011548793583,0.005988627673076619,0.005976754188431304,1000,0.13
161,5,5,5.009154349134648,4.9953301781142825,0.0057208842218470736,0.005689190645966105,1000,0.13
162,5,5,5.018952101049644,4.992964368832869,0.005251584537119213,0.005259511343566624,1000,0.13
163,5,5,4.993268101111374,4.999526963696058,0.006650518932328495,0.006669777549609127,1000,0.13
164,5,5,5.002551929181922,5.000990389390828,0.005776360059713311,0.005845424471947365,1000,0.13
165,5,5,5.004645639756448,4.999079959763335,0.005777216606758593,0.005821478813825336,1000,0.13
166,5,5,4.991766186750314,4.989610850667979,0.00597602114972016,0.0059244735253943335,1000,0.13
167,5,5,4.998493837684301,5.0098087304214545,0.005590655484961626,0.005556458003234937,1000,0.13
168,5,5,4.9931592915637975,5.005851015317441,0.005395911659593747,0.005439873349181247,1000,0.13
169,5,5,4.990012728084757,5.00069743028885,0.005769726801555188,0.005851473071466918,1000,0.13
170,5,5,5.000288268437715,4.997673712803198,0.0056668245316542866,0.005625078913352201,1000,0.13
171,5,5,4.992573195565787,5.006007945427462,0.005872352336002204,0.00590046894050764,1000,0.13
172,5,5,4.994561508710482,5.010456831804872,0.005906260870209877,0.005812483472192551,1000,0.13
173,5,5,4.99571798964849,4.9998827478957715,0.006024434707982867,0.005983692895689404,1000,0.13
174,5,5,5.002588912077912,5.0057883161649475,0.005853884772983158,0.005842817109197522,1000,0.13
175,5,5,5.001916282642934,4.993938886757522,0.005770123879651457,0.005754250630783208,1000,0.13
176,5,5,5.0034153543884,5.008313188935866,0.005415980054644219,0.005383459724102307,1000,0.13
177,5,5,5.015257107656576,5.01101252893092,0.0058112003505825585,0.0058140537210708745,1000,0.13
178,5,5,4.996216684290035,5.00489958313759,0.005733977399476339,0.005762649473932989,1000,0.13
179,5,5,5.003749243979714,5.002305929924871,0.005553256294658083,0.005491648431056003,1000,0.13
180,5,5,4.994225831073234,4.9978707478380135,0.005668990562633856,0.005700611758287425,1000,0.13
181,5,5,5.00155457203779,5.00247278143939,0.005693693853966025,0.00560269309774013,1000,0.13
182,5,5,5.003790419587998,5.015693166022561,0.005598249356573275,0.005553748018923231,1000,0.13
183,5,5,4.998518547935069,4.999298312763853,0.005469324119369685,0.00541742757535348,1000,0.13
184,5,5,4.993187264414129,5.00495573632836,0.005966511739499334,0.0059875369243256845,1000,0.13
185,5,5,5.012043462163668,5.001773679332166,0.005808439735931218,0.005799019207551759,1000,0.13
186,5,5,4.99601901077974,5.012790801853498,0.006531501746414864,0.006497030690046657,1000,0.13
187,5,5,4.997070632114461,4.9944218624043835,0.0055417963833185955,0.005531161260081754,1000,0.13
188,5,5,4.99702715824867,4.996437597883195,0.005426234941129687,0.005391136468101956,1000,0.13
189,5,5,5.009962424380109,5.002293358350959,0.005587641753611247,0.005628570386319064,1000,0.13
190,5,5,5.0038773770790845,4.992351294079147,0.005688501761408578,0.005625715354561689,1000,0.13
191,5,5,4.988893297986114,4.999791590016163,0.006012099205320662,0.0059284496031452175,1000,0.13
192,5,5,5.011261195221984,5.001835288154758,0.006106234919987906,0.006097129458807277,1000,0.13
193,5,5,5.005078504104749,5.001013239355874,0.0058119495512248395,0.00580886040943874,1000,0.13
194,5,5,4.9938824934230786,4.999056615744138,0.005911488285505916,0.005987503751626581,1000,0.13
195,5,5,5.005415149900847,4.993365227630984,0.005797539919401845,0.00584203498355658,1000,0.13
196,5,5,4.99627880810935,4.9981048731646,0.005649068408550613,0.005738516706621675,1000,0.13
197,5,5,5.005683070132051,4.999055887446003,0.005791271706052345,0.005820662896293209,1000,0.13
198,5,5,5.003642010440985,5.006981925101469,0.0053460849641124245,0.0054113860846921715,1000,0.13
199,5,5,5.003831224659206,4.9956009630276705,0.005792854725189288,0.00578708787062555,1000,0.13
200,5,5,4.998369680670027,5.002751350730874,0.006964917405073634,0.006981471470663397,1000,0.115
201,5,5,5.013046961103085,4.993488102479371,0.0070605409851506856,0.007132839961614193,1000,0.115
202,5,5,5.005907035070206,4.992003905624989,0.006133874077178333,0.0061696162534452415,1000,0.115
203,5,5,4.994299036345127,5.012488191200158,0.006825824756122497,0.0067745891044679405,1000,0.115
204,5,5,5.000219233699325,5.006428150351003,0.00629923509860004,0.006253065803578784,1000,0.115
205,5,5,5.011251398269349,5.002953850441873,0.006758669578186161,0.006753157923265754,1000,0.115
206,5,5,4.9994458179916625,4.99793345978758,0.006684383284344498,0.006713136813159864,1000,0.115
207,5,5,5.00183524548875,4.995156860788191,0.006156089584515678,0.006163140178623133,1000,0.115
208,5,5,5.001871826031105,4.994044593619708,0.006190774533277485,0.006161781765909113,1000,0.115
209,5,5,5.013170509076853,4.99678704761448,0.006537359976553009,0.0065933526785338405,1000,0.115
210,5,5,5.007560096357836,4.994911123767946,0.006688116877821411,0.006556721413757086,1000,0.115
211,5,5,5.007231822350171,4.994322855890809,0.006402567037156501,0.006443271195428337,1000,0.115
212,5,5,4.999015228191555,5.007228929598137,0.006742819548320246,0.006729330000699461,1000,0.115
213,5,5,5.003634386080776,5.000948169668809,0.006276880743703495,0.006362999685235605,1000,0.115
214,5,5,4.997249760086672,4.993289336399432,0.006506774157246865,0.006503618826353118,1000,0.115
215,5,5,4.997217532058155,5.003606578436229,0.006496936479002159,0.006475533036087384,1000,0.115
216,5,5,5.008463644099297,4.9952359517537355,0.006131698043327084,0.006147096378433099,1000,0.115
217,5,5,5.000589826257539,4.997733720131069,0.006720326898989842,0.006682799521963208,1000,0.115
218,5,5,4.988138382331012,4.991561624664707,0.006857589867253076,0.006774802758209723,1000,0.115
219,5,5,5.006680490490492,5.006456251819291,0.0066840360959594365,0.0067091405753575886,1000,0.115
220,5,5,4.999675292430779,4.997549099123046,0.006864826021356709,0.006810903040119954,1000,0.115
221,5,5,4.9942505409996105,5.003132832777051,0.006385407082899165,0.006391595323468406,1000,0.115
222,5,5,4.991014152361915,5.000866198873839,0.006386712771629246,0.006367258604727868,1000,0.115
223,5,5,5.006573259961513,4.997726249269231,0.006239301975329097,0.006224250025228653,1000,0.115
224,5,5,5.00738016501402,4.9961359578472235,0.006758444372343101,0.0067260830488296485,1000,0.115
225,5,5,4.996304306819862,5.0040101847126035,0.006691999565142,0.006676198331340298,1000,0.115
226,5,5,4.991682322885902,4.988988085322142,0.006398934629793395,0.0064048152719225595,1000,0.115
227,5,5,5.003172846688515,4.999435864974009,0.005996605762386724,0.005906171065972623,1000,0.115
228,5,5,5.007160282262518,4.993227838095934,0.0066384478699996734,0.006509449351728518,1000,0.115
229,5,5,5.012670336949919,4.99901551162374,0.0068322380571241,0.006845349189103226,1000,0.115
230,5,5,5.002032418424548,5.007310024005893,0.006645801218023086,0.006679944002729214,1000,0.115
231,5,5,4.98913202566243,5.000195998292771,0.006621551072631814,0.00663506387310298,1000,0.115
232,5,5,5.005252400032808,4.9851149553325484,0.006355746053184925,0.00631350053333528,1000,0.115
233,5,5,4.997235337547783,4.999182279684697,0.006773022383875338,0.006819273273341186,1000,0.115
234,5,5,4.997758422404947,5.004010512246499,0.006308863494883373,0.006258874100293305,1000,0.115
235,5,5,4.997291433885178,5.0040125172432175,0.0065911132838581,0.0066643833191357025,1000,0.115
236,5,5,4.9931249084067995,5.010035055804065,0.006335010671907478,0.006233247672427165,1000,0.115
237,5,5,4.992897921393299,4.9994474413911325,0.007053165481287372,0.007094559449414879,1000,0.115
238,5,5,4.9891943991630185,5.001234146601203,0.006186759492640449,0.006111280755472127,1000,0.115
239,5,5,5.001894559093771,5.003098808855893,0.006740961559005911,0.006699230527053835,1000,0.115
240,5,5,5.005534869354372,5.001086219110425,0.0061966436411774635,0.0062009153067715045,1000,0.115
241,5,5,5.009433308485673,4.999081656419255,0.006214822270659662,0.0062820479957139425,1000,0.115
242,5,5,5.011227614073347,5.009194652686506,0.006755531636144452,0.006752510150324742,1000,0.115
243,5,5,5.002928832476196,4.997611590942292,0.006695673700093441,0.006723598104608909,1000,0.115
244,5,5,4.985683520655894,4.9950326977644375,0.006788730494102462,0.006761513875333447,1000,0.115
245,5,5,4.999427757157992,4.995886338522586,0.006738275271010336,0.006739967641651023,1000,0.115
246,5,5,4.997369773133721,4.998657411643254,0.0061482713337641,0.006160540602994141,1000,0.115
247,5,5,4.99792602504033,4.984328669784991,0.006361638057694819,0.006462472316218775,1000,0.115
248,5,5,5.008267594284877,5.000734917516064,0.006645257230528108,0.006662212398714562,1000,0.115
249,5,5,5.002264997329584,4.997398480659731,0.006603381485516392,0.006574566527013386,1000,0.115
250,5,5,5.007841361514052,5.003481528353239,0.00677472045135284,0.006848729425650257,1000,0.115
251,5,5,4.994805564600495,4.995836108277806,0.00678743322355204,0.006723217096740119,1000,0.115
252,5,5,4.999481519907581,4.9968595445121515,0.0067839891309239096,0.0067154146643518845,1000,0.115
253,5,5,5.009885365936778,5.0033161322428255,0.006168279540850051,0.006245625557074464,1000,0.115
254,5,5,4.9964371116261015,5.002354137526853,0.006600358700335233,0.006700093407917146,1000,0.115
255,5,5,4.994227240051048,4.9973600498043504,0.006526857812547756,0.0064080064465553265,1000,0.115
256,5,5,4.997762285146692,5.009736661828365,0.007266626028622946,0.0072190376287488076,1000,0.115
257,5,5,4.993328706293236,5.0066555398674115,0.006251498330438704,0.0062398060793876,1000,0.115
258,5,5,5.004223355833828,4.9961147918694255,0.006709358663679795,0.006668841407547518,1000,0.115
259,5,5,4.9851312373000916,5.00396689132278,0.006323522027096087,0.006398450192400472,1000,0.115
260,5,5,5.001396133192081,5.0088350237722645,0.006835340594119869,0.006846382502210012,1000,0.115
261,5,5,4.99392239798588,4.989198953549459,0.006315202747473993,0.006346650175565305,1000,0.115
262,5,5,4.987954297810411,5.007833142821066,0.0063530201379816235,0.006390904940800929,1000,0.115
263,5,5,4.993007156751592,4.994874099272194,0.0058793600252458845,0.0059414132773693545,1000,0.115
264,5,5,5.002149407778535,4.999622606623524,0.0062802794917191365,0.006319932388963334,1000,0.115
265,5,5,4.995147375708298,5.001137925270604,0.006788577813303093,0.00677825744478576,1000,0.115
266,5,5,5.0001130181708415,5.00849798434435,0.006514865723851261,0.006459380126858236,1000,0.115
267,5,5,4.998179912279646,5.010485426679999,0.005654196004251399,0.005795339428842254,1000,0.115
268,5,5,5.002436318616728,5.002279286619713,0.006873619934336214,0.006850343890828772,1000,0.115
269,5,5,4.993340881830837,4.992937154051903,0.006379199404974111,0.00647736090632664,1000,0.115
270,5,5,4.9922323082806885,5.001140315920464,0.007176368797754322,0.007126301010226146,1000,0.115
271,5,5,5.001943042404033,5.00072379406277,0.006535304140273597,0.0066207237281875175,1000,0.115
272,5,5,4.999209476840746,4.993564527988802,0.006278242139974318,0.006329394612814873,1000,0.115
273,5,5,4.999168334827209,4.992636745542518,0.0064597771707895196,0.0063483240281001435,1000,0.115
274,5,5,4.999851596009394,5.001593544761998,0.0066324164814204325,0.0066948822012537585,1000,0.115
275,5,5,4.999015750282573,5.003558514239944,0.006497926617871783,0.006390939880776628,1000,0.115
276,5,5,5.0079008642437,4.9935460893908745,0.0068629103644768765,0.006788221618314156,1000,0.115
277,5,5,4.998393073565171,5.0051744624324845,0.00675705178266771,0.006806191465515672,1000,0.115
278,5,5,4.998115078645281,5.00230313477625,0.006475424611435628,0.006393256392504252,1000,0.115
279,5,5,4.994626223959632,5.012894679731009,0.006541138597392412,0.006559113070704902,1000,0.115
280,5,5,4.994388812874895,5.001208426526955,0.006823615699597961,0.00663686680604833,1000,0.115
281,5,5,5.002668669706725,5.007526835650051,0.006947042529389919,0.006991690095033177,1000,0.115
282,5,5,5.00432664348818,4.992992435469531,0.00677880520089714,0.006752336776926336,1000,0.115
283,5,5,5.002154357597168,5.00130726107397,0.006675412240075898,0.006748334046276592,1000,0.115
284,5,5,4.989559522552805,4.999448597284166,0.006829149376115781,0.00676498106813963,1000,0.115
285,5,5,5.000409584397673,5.0000365450701825,0.006686110085480085,0.006629338496244518,1000,0.115
286,5,5,4.997721975505815,4.9930479175091,0.006496306511844875,0.006562486213955988,1000,0.115
287,5,5,5.015600046837927,5.0032592028121545,0.006284221107562816,0.006265477966657541,1000,0.115
288,5,5,5.0016877881785184,5.008360289921865,0.006383363144347506,0.006349802451846382,1000,0.115
289,5,5,4.999537958827482,5.003271598202808,0.006481269331902085,0.0064780913774139725,1000,0.115
290,5,5,4.99956053219795,5.00181516023442,0.006117674455647355,0.006135233094423466,1000,0.115
291,5,5,4.999548546711405,4.993467058131285,0.006557753277710182,0.006535921762597013,1000,0.115
292,5,5,4.997592204994416,4.996650237601119,0.006756056100246908,0.00667196266729939,1000,0.115
293,5,5,5.00264210701072,5.000360052303651,0.006495649652071372,0.006539960728822453,1000,0.115
294,5,5,5.017500241830174,5.00066300830577,0.006556249390241599,0.006546560383884142,1000,0.115
295,5,5,5.004304843886789,4.997949405660324,0.006893937015140235,0.006797163185274316,1000,0.115
296,5,5,5.002143659660401,5.001663850136939,0.0062525551580842435,0.006241554882721461,1000,0.115
297,5,5,4.9966648513532075,4.996657436123426,0.006335982917683099,0.0063450904891278505,1000,0.115
298,5,5,4.998217741444692,4.9955720983261775,0.00652757587479546,0.006519967033237237,1000,0.115
299,5,5,5.010470616636016,4.9931010656799755,0.0068057974486145,0.006861520558770937,1000,0.115
300,5,5,4.987289295229862,4.9974849760832925,0.007845907883977139,0.007941561203943657,1000,0.1
301,5,5,5.006582159523236,5.00254715195131,0.00731275375772057,0.007299886318191515,1000,0.1
302,5,5,5.010342150313668,5.004553289679813,0.00768281453290691,0.007816680284520736,1000,0.1
303,5,5,5.018424739638687,4.993110987653986,0.006993364941066995,0.007015897689013427,1000,0.1
304,5,5,4.996484168026713,5.000486354310445,0.00716253174522138,0.007187751318886536,1000,0.1
305,5,5,4.989962208754668,5.002342291828738,0.007837953058492627,0.007837639861738025,1000,0.1
306,5,5,4.987599035055601,4.999773141963797,0.007890981564122606,0.0077748118174883665,1000,0.1
307,5,5,4.998838753374231,5.002838166676892,0.007504888153958761,0.0075234901342731446,1000,0.1
308,5,5,5.000227694231511,4.989818381672497,0.007432432587008978,0.007515250767352129,1000,0.1
309,5,5,4.996306721943113,4.992324074020782,0.0075362937288974835,0.007501833392870006,1000,0.1
310,5,5,5.002008883608073,4.99677618787194,0.007659202479000424,0.007685745743698652,1000,0.1
311,5,5,5.0010531964917,5.007202292033925,0.007962828423954984,0.008005901411360157,1000,0.1
312,5,5,4.9913011256515265,4.999463365994775,0.006546891241457406,0.006596789760195676,1000,0.1
313,5,5,4.997578548314944,5.001451106036681,0.007001449050070633,0.006980628391235446,1000,0.1
314,5,5,5.005442859144906,5.01126898005469,0.007352656512030702,0.007291330451006771,1000,0.1
315,5,5,5.001664178700805,5.0036470114463985,0.006643728045371604,0.006543641542244753,1000,0.1
316,5,5,4.991315249445129,4.998218087706577,0.007235334013524716,0.0072473131117032335,1000,0.1
317,5,5,4.996019344065033,5.005426670830867,0.007497725972387184,0.007534983681090589,1000,0.1
318,5,5,5.001599340646904,4.983961686580548,0.00718478260544676,0.007128143132160307,1000,0.1
319,5,5,5.012969857627188,5.001948970887694,0.007566807037020861,0.007510409029389893,1000,0.1
320,5,5,4.997485597944279,5.006630379500938,0.006946935331844256,0.006972179482555638,1000,0.1
321,5,5,4.996850088760133,5.002759861501572,0.0074640918032488094,0.007505378921646838,1000,0.1
322,5,5,4.9927108353271725,4.998205608863168,0.006943583328175492,0.006950314145807542,1000,0.1
323,5,5,4.998916238692065,4.994997178329733,0.007202408028789001,0.0072687246248380735,1000,0.1
324,5,5,5.005811571663832,5.008563769054205,0.0074682702988855525,0.007491205477827999,1000,0.1
325,5,5,4.998038650348198,4.992465627581432,0.006969217605081355,0.007008404349938936,1000,0.1
326,5,5,5.002785647936428,5.002900917876132,0.007867873716939392,0.007806844433515804,1000,0.1
327,5,5,4.990458220227424,5.00119454671078,0.007142586469284261,0.007249182619987954,1000,0.1
328,5,5,5.00493865436139,4.987498418346544,0.007541026049150916,0.0075533464373881325,1000,0.1
329,5,5,4.984421946228689,4.995848987305017,0.00738326404650783,0.007306945630693721,1000,0.1
330,5,5,4.995446703345733,5.002139745737541,0.007059855045793262,0.007030602244711131,1000,0.1
331,5,5,5.008721517494577,5.009656896583634,0.00787280831452863,0.007884004592380698,1000,0.1
332,5,5,5.00595747757532,4.999948953503856,0.007617417393256634,0.00764500374989044,1000,0.1
333,5,5,4.997599280056322,4.994275395372235,0.007357588592773633,0.007380464226373053,1000,0.1
334,5,5,5.0044556360178065,5.0007103823578705,0.007409377282360877,0.007369721699222789,1000,0.1
335,5,5,5.007489553811672,5.008415184181678,0.0070751053614989375,0.007147195781117679,1000,0.1
336,5,5,5.007298771768742,5.00817735217376,0.00726990007303056,0.0074125136346683785,1000,0.1
337,5,5,4.995245419169204,4.9952367321540105,0.007171234241098753,0.007115068697506085,1000,0.1
338,5,5,4.996492088407237,5.002821041699892,0.007299806350634616,0.007282691839646729,1000,0.1
339,5,5,5.006258850510627,5.00292226084809,0.007555097190923324,0.007511751960010158,1000,0.1
340,5,5,5.000277072762808,4.9994231847578305,0.00775328571907241,0.00785548889639363,1000,0.1
341,5,5,4.985558695376179,4.998444038934775,0.007481926253840488,0.007425059375779717,1000,0.1
342,5,5,4.996191338596742,5.018533879430842,0.0081245867756927,0.008093321153363177,1000,0.1
343,5,5,4.999517754607431,4.995491349524477,0.007242993660967742,0.007262922134664981,1000,0.1
344,5,5,4.998563996607233,4.994837724767276,0.007079805553992437,0.007136643111341671,1000,0.1
345,5,5,4.9986963042511965,4.994727388555253,0.007118832644282044,0.007058739367682262,1000,0.1
346,5,5,5.002388152320395,4.990884346878784,0.007793556923407288,0.007686164230676588,1000,0.1
347,5,5,4.997374351659215,4.9992634101612525,0.007543873042312556,0.0075396294155193715,1000,0.1
348,5,5,5.002601247271021,5.0005307053806884,0.007682375055419579,0.007598614137015004,1000,0.1
349,5,5,4.999578362618805,5.001063155942532,0.007451947396934423,0.007426538698387539,1000,0.1
350,5,5,4.986749433315661,5.004328459238893,0.007516986332705325,0.007478715429517517,1000,0.1
351,5,5,5.016732068180437,5.001370885370746,0.007553237413479348,0.007744785107183233,1000,0.1
352,5,5,5.008298579851697,4.997233057900903,0.007599910878461961,0.007594848309097459,1000,0.1
353,5,5,5.004200661412713,5.00158972588352,0.007499201718369418,0.007450812772970215,1000,0.1
354,5,5,4.998749771983635,4.999597476180203,0.007006559650281596,0.006949884164995875,1000,0.1
355,5,5,5.00651208548912,5.000472489767669,0.0074547447792190635,0.007374622115948501,1000,0.1
356,5,5,4.9987294481998195,4.992568458987741,0.007890621089449623,0.00796935476008218,1000,0.1
357,5,5,4.9971808575670815,4.997329633317144,0.006680790945872337,0.006702429739261417,1000,0.1
358,5,5,5.007222390169039,4.997150200012359,0.007621248078012645,0.007587598782644713,1000,0.1
359,5,5,4.995775691773222,5.009542043579414,0.007549089049578727,0.007492640705480597,1000,0.1
360,5,5,4.994878021994662,5.00210575044358,0.00790644976885178,0.008061118017505486,1000,0.1
361,5,5,5.008566187109028,5.004611638575759,0.007219525747491841,0.007257771056922814,1000,0.1
362,5,5,5.0022928319514754,4.995929264265461,0.0074416965183185324,0.0073989432734735865,1000,0.1
363,5,5,4.997837763072639,4.994036579651447,0.007410565188990859,0.007510441608244841,1000,0.1
364,5,5,5.008798835575751,4.993117221915665,0.007620161412765108,0.007554647208375215,1000,0.1
365,5,5,5.015865506745117,5.005693561786503,0.008222718451220587,0.008266162624826077,1000,0.1
366,5,5,4.990023542671631,5.003714895479471,0.007187238014509018,0.007235572156602231,1000,0.1
367,5,5,4.994739573359808,4.989193284556277,0.007510092941128412,0.007586059978750511,1000,0.1
368,5,5,5.012105688630835,4.992930342376012,0.0072072286866973175,0.007076092236493811,1000,0.1
369,5,5,4.999625444676006,4.994207797363428,0.007447254105160998,0.007358670515463996,1000,0.1
370,5,5,5.004688743769723,5.01052048388141,0.007006903398919249,0.007046568326381677,1000,0.1
371,5,5,5.002229925696593,5.002228623086925,0.006905458162545524,0.006910481961623762,1000,0.1
372,5,5,4.997472295694001,5.002809174873001,0.007286845177312762,0.007192215999460812,1000,0.1
373,5,5,4.999899226755507,4.998397329480707,0.007142509843062738,0.007112992513536561,1000,0.1
374,5,5,5.0074368554728075,5.000316613839068,0.007367766434701614,0.00734033024772988,1000,0.1
375,5,5,4.986025620725974,4.990187209864425,0.007975562769697924,0.008011583150773428,1000,0.1
376,5,5,5.013865423080388,4.9991188256091235,0.007672474355129734,0.007697680195530833,1000,0.1
377,5,5,5.000123947596462,4.995660215238703,0.007408260260848585,0.007492554080197277,1000,0.1
378,5,5,4.995345292355839,5.002022951337303,0.007336122100313752,0.007358092028445542,1000,0.1
379,5,5,5.0058248990721825,5.002424017728209,0.007707585223560284,0.007595389026585774,1000,0.1
380,5,5,4.9997331602879225,4.993477670224435,0.007420469063522719,0.0073744652022816526,1000,0.1
381,5,5,5.015758848708585,5.012657084830696,0.007768335537065354,0.007741766959693858,1000,0.1
382,5,5,4.993216803926966,4.9894586381780135,0.007756830969257272,0.007842205626597007,1000,0.1
383,5,5,5.015514759448029,4.988018708072652,0.007588861648624923,0.007626085340033153,1000,0.1
384,5,5,5.009821074028487,4.99507619998483,0.007875775397406679,0.007942873722272422,1000,0.1
385,5,5,4.987988854942517,5.001129411234527,0.007428060694022905,0.0075310995805690775,1000,0.1
386,5,5,4.996665965501443,4.998541674215977,0.007444180033365606,0.0074107437376191646,1000,0.1
387,5,5,4.984109988585031,4.994896416493791,0.007623206614260959,0.007678259061034318,1000,0.1
388,5,5,4.998928872550292,4.98722783754547,0.008110528108661832,0.008188834565785756,1000,0.1
389,5,5,4.992241886589514,5.004809557337702,0.007517617347068833,0.007455999599228153,1000,0.1
390,5,5,4.999080990452182,5.002675083313807,0.006947604802943947,0.007048269372654995,1000,0.1
391,5,5,5.005514840150907,4.998483755864133,0.007011781517419998,0.006903208650392917,1000,0.1
392,5,5,4.996318154495444,4.992335948626438,0.007827002493416104,0.00779425315124695,1000,0.1
393,5,5,5.0116184586510215,5.002159866646811,0.00799327641087596,0.008010395791427864,1000,0.1
394,5,5,4.988096301733082,5.00378876904234,0.0072563097460004835,0.0072081604012531235,1000,0.1
395,5,5,4.998968241921715,5.008540879420842,0.006883003161582494,0.006977106406926816,1000,0.1
396,5,5,5.003997271640036,4.99334647123908,0.007792836195700699,0.007700600234421529,1000,0.1
397,5,5,4.992900998128529,5.002048797323576,0.007191874961020783,0.007097121545982068,1000,0.1
398,5,5,5.000300045434876,4.9990150116267795,0.006931501671481208,0.006862647245155494,1000,0.1
399,5,5,4.996024520270916,4.996351330024498,0.006989046022126792,0.006910365279920259,1000,0.1
400,5,5,5.002876870083253,4.994786975956406,0.008661448013914112,0.008582931518150629,1000,0.085
401,5,5,5.012009347978859,4.997385260319745,0.00834298571265221,0.008369730189506062,1000,0.085
402,5,5,5.006501804377057,4.997845238026527,0.00928297523266711,0.009093474009739519,1000,0.085
403,5,5,5.005559850057573,4.997884864522213,0.008674263325678139,0.008669259849957832,1000,0.085
404,5,5,4.990351987274134,4.991443151391575,0.007489467618721979,0.007555889715519024,1000,0.085
405,5,5,5.0085966116559995,4.994035710868449,0.008838442841643038,0.008850076457230691,1000,0.085
406,5,5,4.995508261508486,5.002882061618633,0.009191500725912086,0.009189908965874375,1000,0.085
407,5,5,5.010070055161032,5.0086963730649385,0.009292441122570855,0.009203740316710764,1000,0.085
408,5,5,5.003288947976598,5.0016488368357095,0.00903836023012523,0.008958594338713285,1000,0.085
409,5,5,5.007501869969186,5.002366852915071,0.008676780992984377,0.008630394734926593,1000,0.085
410,5,5,4.996310980446354,5.020703470727778,0.008905913054181659,0.008701938902053327,1000,0.085
411,5,5,5.002217366313344,5.008971732942346,0.008867230721777178,0.009038387154438344,1000,0.085
412,5,5,5.003944156614425,4.98724267871875,0.008924577663132137,0.008860806385691245,1000,0.085
413,5,5,5.0005331764150425,4.996501167500743,0.009090056718733466,0.009033525005196543,1000,0.085
414,5,5,5.000122142356896,4.9988688768989755,0.008343884427548149,0.00831098138327232,1000,0.085
415,5,5,4.996712184594047,4.985362011114483,0.007842792567832548,0.007830762049426815,1000,0.085
416,5,5,5.005103726360037,4.999447030059421,0.00927459626053159,0.00927936996634504,1000,0.085
417,5,5,5.0021451406792785,5.008162424201983,0.009102541050499761,0.009096275064152337,1000,0.085
418,5,5,4.997246977809283,4.995148098799213,0.008786196646398592,0.008803224982642625,1000,0.085
419,5,5,5.005667602275633,5.008505493407319,0.008983168756669518,0.009005383704425607,1000,0.085
420,5,5,5.004217053081949,4.998341964555503,0.00839224049467587,0.008407634396675821,1000,0.085
421,5,5,5.001768155059996,5.003979794004019,0.008191095954928243,0.00824942363890019,1000,0.085
422,5,5,4.992188536841532,5.002536285844885,0.008985446952907943,0.009042613682852621,1000,0.085
423,5,5,4.976395382961522,4.999549145325208,0.00834210125215451,0.008305689342140474,1000,0.085
424,5,5,4.994722022668724,5.001213182126857,0.008252207343933081,0.00826966156471717,1000,0.085
425,5,5,4.982175916869684,5.001875064714983,0.007885260259634078,0.007876726785611828,1000,0.085
426,5,5,5.00236097901566,4.99743804236919,0.009198976167162467,0.009200445832390852,1000,0.085
427,5,5,5.001493226814734,4.99545407066044,0.008942415422938658,0.008965743418683518,1000,0.085
428,5,5,4.995062257424289,4.992633137074896,0.008795869652713853,0.008836977793082769,1000,0.085
429,5,5,5.014559223172503,4.994749553537068,0.009097058396386023,0.00916677481100437,1000,0.085
430,5,5,5.005210037734999,5.0064959878047866,0.008127582253488887,0.008177444616381927,1000,0.085
431,5,5,4.987781842401234,4.9910800179795745,0.008883106363400546,0.00877140100081869,1000,0.085
432,5,5,5.011964771225188,5.001826267751271,0.00825068245794948,0.008168513268392168,1000,0.085
433,5,5,5.006165646274963,5.014222415251752,0.008953164664216896,0.009015140082902783,1000,0.085
434,5,5,5.009569668431946,4.992703473229283,0.00884799097223994,0.008876548443503352,1000,0.085
435,5,5,4.987719902026511,4.995229590604719,0.008791460037425187,0.008779790639826016,1000,0.085
436,5,5,5.005170354662022,4.999855299923949,0.008669758972327206,0.008587947116284628,1000,0.085
437,5,5,5.003930753650489,5.009182748537492,0.008888679733701279,0.008786749180903766,1000,0.085
438,5,5,5.000604475709247,5.000654372883629,0.008373128644676299,0.008555239309292346,1000,0.085
439,5,5,4.999580020157529,4.9930188456818385,0.008441288699126304,0.008478520593974114,1000,0.085
440,5,5,4.99833381985039,4.997129861608447,0.008409004312172176,0.00845750531947087,1000,0.085
441,5,5,4.995250329043335,4.997873525566239,0.008590797190997522,0.008626072661176697,1000,0.085
442,5,5,4.996387738198108,5.00902430747778,0.008592914534174843,0.008572768818684254,1000,0.085
443,5,5,5.001370843676341,4.996627910540202,0.00895191846899386,0.008866104202099948,1000,0.085
444,5,5,4.981483006950532,4.997271883906833,0.00847272327990394,0.008270254349747805,1000,0.085
445,5,5,4.998602529689396,5.006293135686606,0.008797529248047583,0.008705230739300253,1000,0.085
446,5,5,4.990910355040862,4.981777352616651,0.008871301824484042,0.008963772031319508,1000,0.085
447,5,5,4.989896411205182,4.992105127811563,0.008724648777067091,0.008813308880876808,1000,0.085
448,5,5,5.001213689361567,4.993592996906927,0.00870082387191976,0.008550519956467974,1000,0.085
449,5,5,4.998438806380959,4.995029446907005,0.007928343539149065,0.007911243679138556,1000,0.085
450,5,5,4.997198179925162,4.996029397115873,0.008979755209620527,0.008947295850072735,1000,0.085
451,5,5,4.999466952459976,4.9977453772087825,0.009006639256474977,0.009078037512272081,1000,0.085
452,5,5,5.004442750696685,5.005565865326549,0.0088031353803817,0.00877155393117646,1000,0.085
453,5,5,5.010695807456156,5.000892039355731,0.008502666256072846,0.008427002526962693,1000,0.085
454,5,5,4.997211924427467,5.005637061480897,0.008729390798096166,0.008627151813375863,1000,0.085
455,5,5,4.999086436438289,4.983001124493574,0.008280936745418126,0.00824012483591746,1000,0.085
456,5,5,5.007657226107282,4.9992389822260535,0.008235646539044563,0.008279680041859357,1000,0.085
457,5,5,4.988509074898239,5.005618759815733,0.008650509541405916,0.008593794896534957,1000,0.085
458,5,5,4.987958831179393,5.004441109151068,0.008417975117877405,0.00840753508259516,1000,0.085
459,5,5,4.990772895884773,4.988161556382943,0.008374536058713388,0.008232879994359113,1000,0.085
460,5,5,4.991934917471326,4.993787343283801,0.008978868532434315,0.008994983780696323,1000,0.085
461,5,5,4.995094460331417,5.007138037250641,0.008312328600607197,0.008317635651042049,1000,0.085
462,5,5,5.000995922926105,5.00373134441618,0.008573820555115096,0.008577138063455888,1000,0.085
463,5,5,5.005164551014603,5.012523985013975,0.008680076740815439,0.008718325903943476,1000,0.085
464,5,5,4.99326208113584,5.013706825242473,0.009095467045085476,0.009072855042094985,1000,0.085
465,5,5,5.019073774347295,4.995830904920681,0.009188574541669131,0.009161467387715696,1000,0.085
466,5,5,4.990084667767648,4.992967553238722,0.008593320644142905,0.008526725958399648,1000,0.085
467,5,5,4.999875594878311,4.9855186463997665,0.00847712643189791,0.008501810089613353,1000,0.085
468,5,5,4.990130371806555,4.99216725779494,0.009208413720698676,0.00921223148388875,1000,0.085
469,5,5,4.996037079981269,5.008437316635523,0.008182097319369627,0.008144079032325434,1000,0.085
470,5,5,4.99910928390723,4.995869721943522,0.008737348334931712,0.00858480408352528,1000,0.085
471,5,5,4.994061418953455,4.984024146894591,0.00793113569331499,0.007931390612981575,1000,0.085
472,5,5,5.001396362650564,5.001199648708441,0.00923937081436127,0.009314880211097132,1000,0.085
473,5,5,5.002697619525151,4.979492362093535,0.009001699866817972,0.009189668719833448,1000,0.085
474,5,5,5.009122705388061,5.001222099663212,0.008096501575689342,0.008014173839459593,1000,0.085
475,5,5,4.993398525368669,5.008872848106468,0.008468068601953378,0.008604742422864648,1000,0.085
476,5,5,4.99409140601862,5.003632409708708,0.00908337575666683,0.009067055928765711,1000,0.085
477,5,5,4.991322751563418,4.989261073929015,0.008363994116647188,0.008441349358034922,1000,0.085
478,5,5,5.014801352054503,4.9963011508248725,0.009357494474612232,0.009399739799427424,1000,0.085
479,5,5,4.977257196941606,5.001517170512591,0.008898906310601945,0.009032625054707687,1000,0.085
480,5,5,5.004933082283785,4.994314696119602,0.008189721866153727,0.008125556385324494,1000,0.085
481,5,5,4.995036681920517,5.004326669581826,0.008808300095325846,0.008790529882479543,1000,0.085
482,5,5,4.998121332504068,5.015336395497494,0.009006316888767227,0.009077529512454973,1000,0.085
483,5,5,5.003252665692886,4.993043654866104,0.00892888248020717,0.008921116697519842,1000,0.085
484,5,5,5.004107339471664,5.020986501982589,0.008524104961317355,0.0085579736097251,1000,0.085
485,5,5,5.017134171165718,5.0012786299965075,0.009139582196816574,0.009169010631098215,1000,0.085
486,5,5,5.005620935494414,5.003995420786049,0.008838337002815706,0.008899169193778698,1000,0.085
487,5,5,4.986420892623091,4.994390930830174,0.00841479163633373,0.00842666284115595,1000,0.085
488,5,5,5.000904092555271,4.9958716185211,0.00793193798837741,0.007948180238647727,1000,0.085
489,5,5,5.003878796016162,5.002663391317504,0.008526820909274731,0.008558395300244864,1000,0.085
490,5,5,4.987251887138969,5.014734006763648,0.008716813543295438,0.008582325695689919,1000,0.085
491,5,5,4.997589056089883,5.017073482551334,0.008978910120749781,0.009044237059428717,1000,0.085
492,5,5,5.003170251337734,5.0029386014045,0.008984857122749747,0.009049847129930129,1000,0.085
493,5,5,5.004740667626002,4.989976130385166,0.008890019814703878,0.008941662796707741,1000,0.085
494,5,5,5.011792550709038,5.000774802932212,0.008411005936244808,0.00829421735522829,1000,0.085
495,5,5,5.0083448225571185,5.0121823870436915,0.00872452617681703,0.008711967753106478,1000,0.085
496,5,5,4.994170487819031,5.014964311781479,0.00858489045114456,0.008505179574483377,1000,0.085
497,5,5,5.003545578300185,4.993750728009692,0.008823975474954882,0.00876056308394616,1000,0.085
498,5,5,4.998193688138003,5.002847515238394,0.008503649533797895,0.00861325331333157,1000,0.085
499,5,5,4.992802954856409,4.982182555690911,0.008749074824127963,0.00882768388169494,1000,0.085
500,5,5,4.994861009458721,5.009197820927995,0.010532195374440938,0.01055214817698216,1000,0.07
501,5,5,4.987448600970772,4.994269867560905,0.010981714792891471,0.011025648711037235,1000,0.07
502,5,5,4.995715363802018,5.002709647384985,0.009852589603611241,0.009777689711371676,1000,0.07
503,5,5,4.997794530981486,4.986686703805737,0.01063532260177422,0.010820025035897289,1000,0.07
504,5,5,5.00333265233788,4.970073012658643,0.010677614332908736,0.010652266643783227,1000,0.07
505,5,5,5.008665395722129,4.989750667881218,0.010589025479058893,0.01057490482141547,1000,0.07
506,5,5,5.009992761872697,5.015111026834552,0.010661365357703107,0.01069581598864844,1000,0.07
507,5,5,4.996511413675426,4.9917908132831155,0.010129585713707128,0.010094365351286279,1000,0.07
508,5,5,5.001920227005029,5.00226801251248,0.010291369442241325,0.01043521165101394,1000,0.07
509,5,5,5.008919578667591,4.987274640737414,0.01088968732593173,0.010693181928727204,1000,0.07
510,5,5,5.0108527961103215,4.978076410758872,0.010975898567254158,0.010962614179225814,1000,0.07
511,5,5,4.98584010706968,4.998052258597243,0.010209178604017998,0.010383041012089825,1000,0.07
512,5,5,5.010286724022501,4.9963415007587315,0.0106057308495662,0.010699702176599076,1000,0.07
513,5,5,4.993389730403725,5.007868764410306,0.010504874402722212,0.010698006335434915,1000,0.07
514,5,5,4.988905521788793,4.981743518576207,0.010705119701751671,0.010817984507190707,1000,0.07
515,5,5,4.9791281906639275,4.992010805450096,0.010630332614758755,0.010497541053333911,1000,0.07
516,5,5,4.989394610524677,4.992721607819377,0.009964907415453788,0.0099696092995512,1000,0.07
517,5,5,5.0021315891276785,5.004710450566991,0.010901854561523712,0.010779672547884431,1000,0.07
518,5,5,5.0113337320938784,4.989440235767344,0.009583846847134422,0.00954490692701578,1000,0.07
519,5,5,4.996389730155451,5.007084880889195,0.01007857110876936,0.010200756883457352,1000,0.07
520,5,5,4.981569986617032,5.010664346083944,0.01102047322102764,0.011177870023285153,1000,0.07
521,5,5,4.982762736751419,4.99516573088777,0.011151795025938388,0.01100537983886629,1000,0.07
522,5,5,5.0017309610309075,4.988686912270559,0.010240952772135645,0.010245020629531268,1000,0.07
523,5,5,4.978892712931462,5.01722448745006,0.010044283776928155,0.0099363062671527,1000,0.07
524,5,5,4.994640410251567,5.010472200369616,0.010924461730246356,0.01103148690481135,1000,0.07
525,5,5,5.009612893908266,5.0153371218273515,0.010979897380602599,0.010854371892846175,1000,0.07
526,5,5,4.985994281163654,4.997057889144116,0.010566216339788133,0.010433073010743288,1000,0.07
527,5,5,4.988381731240887,5.0017023242983925,0.010417067159632346,0.010490088455026315,1000,0.07
528,5,5,5.010423387796005,5.006080095820979,0.011052853930725326,0.010810346286104151,1000,0.07
529,5,5,4.994711753464494,4.989120671576133,0.010115542462217091,0.010083995402718435,1000,0.07
530,5,5,5.003426096717449,5.024253822270287,0.0099244299067612,0.009878754212629298,1000,0.07
531,5,5,5.012271268283458,5.000340021859409,0.01067600818090511,0.010631713883195974,1000,0.07
532,5,5,4.982197630350386,4.997606274334857,0.0112598800527534,0.011242174161415229,1000,0.07
533,5,5,5.0031124085782155,4.987810258254719,0.01150696182738165,0.011338221504840014,1000,0.07
534,5,5,5.011188467117376,4.996721284319447,0.010407363269493472,0.01052617106780339,1000,0.07
535,5,5,4.994026121200605,5.005588566764861,0.010905927259058723,0.01091779633726956,1000,0.07
536,5,5,4.991030235933329,5.016153410404826,0.010691938292035567,0.01050399646775823,1000,0.07
537,5,5,5.001734912903003,5.007387601321751,0.01042752131531704,0.010461797172374977,1000,0.07
538,5,5,4.99226886801169,5.00775517845414,0.011743275408945233,0.011708203793462692,1000,0.07
539,5,5,5.014049718535775,5.011135625194999,0.010091531885351689,0.010080962457081913,1000,0.07
540,5,5,5.017343903639304,5.0196534109171775,0.010142155519182489,0.010165116300023357,1000,0.07
541,5,5,4.999001405629983,4.990975242972093,0.009769980880883905,0.009726035560996757,1000,0.07
542,5,5,5.002422282267914,4.989825397540896,0.01042128830559121,0.0104275694621944,1000,0.07
543,5,5,5.003716730468004,4.99953925739488,0.011189659621778087,0.010911205179345712,1000,0.07
544,5,5,5.009622459346386,5.001592698674332,0.010402745770561744,0.010330184353140447,1000,0.07
545,5,5,5.000687979656557,5.015039583921343,0.010039576189093426,0.010223612771228175,1000,0.07
546,5,5,5.003669490349928,5.00399189071836,0.010798149726932913,0.010707517522838425,1000,0.07
547,5,5,4.97802530642541,4.99023230623629,0.010652143461985489,0.010572993523996713,1000,0.07
548,5,5,4.9859656995464166,5.005719205051079,0.010524100678225335,0.0107294746175526,1000,0.07
549,5,5,5.0106490240942145,5.002598131530692,0.011111279128560586,0.011016955692410282,1000,0.07
550,5,5,5.000948300271964,4.997356652350006,0.00950153967593621,0.00943909474501353,1000,0.07
551,5,5,5.017324606254327,5.010113618350445,0.010291999645019954,0.010390171237048988,1000,0.07
552,5,5,4.9948622186273,5.00281766815347,0.01040336043389385,0.010433041789730823,1000,0.07
553,5,5,4.984122382802256,4.9992272675494975,0.010740249726752355,0.010941456564993794,1000,0.07
554,5,5,5.001146154608677,4.981868634274592,0.011289526473310425,0.011190295103480127,1000,0.07
555,5,5,4.999310749286503,4.99471344277445,0.009940748135323947,0.009910171959243739,1000,0.07
556,5,5,4.990461043014823,5.009030076441385,0.01020978807645319,0.010279006812076481,1000,0.07
557,5,5,5.001400341787652,5.005757399508384,0.010747693787898879,0.01071843040421636,1000,0.07
558,5,5,5.0046804122556425,4.9950322289094755,0.010497417339786996,0.010471620936576175,1000,0.07
559,5,5,4.993335285257077,4.996413067158681,0.009592128620410312,0.009618143056954092,1000,0.07
560,5,5,4.990998368362006,4.999269903204692,0.010933268676597998,0.010915147661846545,1000,0.07
561,5,5,4.999217945169965,4.996482189566444,0.010940147741630844,0.011050072951795482,1000,0.07
562,5,5,4.99338169495936,4.995837480375026,0.011481888971414929,0.011605113528254888,1000,0.07
563,5,5,5.0008366571792395,4.997152443145253,0.010900642112753406,0.010788131072536825,1000,0.07
564,5,5,5.013426629489145,4.999521565513514,0.010024490966948527,0.010138941127383266,1000,0.07
565,5,5,4.991422971746126,4.985139569598692,0.010361618478416339,0.010331398207187916,1000,0.07
566,5,5,4.9925533259655115,5.015651433969267,0.011006995951289525,0.011110360717750413,1000,0.07
567,5,5,5.0001679784924695,5.000418903422156,0.011711185602572617,0.011708378440644856,1000,0.07
568,5,5,4.986272103420176,4.983665332565829,0.010338986625259334,0.010223386288852944,1000,0.07
569,5,5,4.998837970779336,5.004364163071446,0.010629996972436908,0.010732476873460526,1000,0.07
570,5,5,5.008813486794907,4.996209265353075,0.010841819407241434,0.010794438895049897,1000,0.07
571,5,5,4.995535352447503,5.0057194292787015,0.010983577033531157,0.010880655683876516,1000,0.07
572,5,5,5.0067726950369185,4.990007356322911,0.010943843595604566,0.010863081795953945,1000,0.07
573,5,5,5.015686891112877,5.006237535116242,0.010292718450930003,0.010402940485332782,1000,0.07
574,5,5,5.0128101557630105,5.014229748618818,0.009843375053588451,0.010162603452084869,1000,0.07
575,5,5,4.983250661297516,5.00918252799551,0.011265745236937751,0.011365913997199197,1000,0.07
576,5,5,5.0120234197438505,4.984999579784336,0.010902371099867919,0.01097566298498291,1000,0.07
577,5,5,5.016837414114466,4.999925054174777,0.010998995048184714,0.010995528803608275,1000,0.07
578,5,5,5.026220509719434,4.993549729029419,0.010878323567522137,0.010921842613398092,1000,0.07
579,5,5,4.994203788005373,5.00863135057539,0.011393623289783227,0.01129331822423108,1000,0.07
580,5,5,4.999395564571906,4.998857131413039,0.011069171609024169,0.01107470651313819,1000,0.07
581,5,5,5.013720381058655,5.007616301137683,0.010422452981522534,0.01036750221372441,1000,0.07
582,5,5,4.998688931767585,5.005034172080249,0.011531699439691777,0.011279217816065919,1000,0.07
583,5,5,4.99283297694782,4.998683786893084,0.010248530567243622,0.010319351618246143,1000,0.07
584,5,5,5.002820436033421,5.010364920091997,0.010153022139575507,0.010036006048957949,1000,0.07
585,5,5,4.987870069055011,5.007482015687982,0.011146725135495552,0.011185917076102544,1000,0.07
586,5,5,5.0121796055394086,5.012971273552426,0.01015764722035531,0.010178271674099397,1000,0.07
587,5,5,4.997915107068688,4.987042424792116,0.010429029478789107,0.010480627408962027,1000,0.07
588,5,5,4.9965924225651275,5.012934742991722,0.010744486172613978,0.010798190676150404,1000,0.07
589,5,5,4.993805804987755,5.00920992070844,0.009523770673177579,0.009502794258678936,1000,0.07
590,5,5,5.012362496339445,5.004540803220081,0.010813038371209675,0.010651440170721425,1000,0.07
591,5,5,4.994666135467638,5.001316364710119,0.010439952005440258,0.01063318699818885,1000,0.07
592,5,5,4.991773332990329,5.002485308956328,0.009415010930805542,0.009364415725772407,1000,0.07
593,5,5,5.008430990282681,4.974019426273643,0.010648535335142685,0.010613042007476748,1000,0.07
594,5,5,4.988404690625542,5.002299832598558,0.010038755046763834,0.009988440113664147,1000,0.07
595,5,5,5.006841871293613,5.018971073468243,0.010124374890506549,0.010147010002769985,1000,0.07
596,5,5,4.993765234635949,4.989029985527909,0.011351172620513298,0.011288928544006644,1000,0.07
597,5,5,4.992033834493605,4.97022371359143,0.011749905852886981,0.011775109419049277,1000,0.07
598,5,5,4.9926820717831415,5.001291484523184,0.010757454836595652,0.010732783345333183,1000,0.07
599,5,5,5.002289808315161,4.997802166095044,0.011260477976832259,0.011309395888890463,1000,0.07
600,5,5,5.004024590465767,4.986742416042912,0.014408123991182999,0.014257826961610917,1000,0.05500000000000001
601,5,5,4.99958445624352,5.02056975548229,0.013761908593645249,0.01369312763469137,1000,0.05500000000000001
602,5,5,4.999217378741295,5.005713174007041,0.014089243921628539,0.014184967535797371,1000,0.05500000000000001
603,5,5,5.0138194942564995,4.977116282938649,0.014302936531664109,0.014294498785036903,1000,0.05500000000000001
604,5,5,5.0140429156628326,4.992295694515864,0.013634385974785484,0.013501617773051285,1000,0.05500000000000001
605,5,5,5.003958702991226,4.96788746804495,0.01367009335735113,0.013629329012521847,1000,0.05500000000000001
606,5,5,5.002314872272367,4.990711368826092,0.013186586894634632,0.01304093735943489,1000,0.05500000000000001
607,5,5,5.028900971223195,5.01666435732221,0.014662915818849973,0.014613135543372239,1000,0.05500000000000001
608,5,5,4.990728735125836,4.988686065487864,0.012066025865162951,0.012213713001689452,1000,0.05500000000000001
609,5,5,4.993712988255653,5.014725699533657,0.01298089090626296,0.012998248684565592,1000,0.05500000000000001
610,5,5,4.992618741868062,5.005044109704411,0.013373824439002879,0.013358459793292364,1000,0.05500000000000001
611,5,5,5.0073160291064776,5.00598358006857,0.013117688748175144,0.01304692246554577,1000,0.05500000000000001
612,5,5,4.992228312435704,5.00487833269252,0.013159567974397107,0.012973547285399118,1000,0.05500000000000001
613,5,5,4.998540434289393,4.99033245872182,0.012511846120476861,0.012506451311637166,1000,0.05500000000000001
614,5,5,4.982166659318661,5.000466521192691,0.012719527853228708,0.01275378126689511,1000,0.05500000000000001
615,5,5,5.01807123847633,5.003157063192052,0.014446772887790381,0.014584525098458858,1000,0.05500000000000001
616,5,5,4.9918071988509105,5.010356687571792,0.01375140079252808,0.013757990452289015,1000,0.05500000000000001
617,5,5,4.972891687940327,4.992407079357339,0.013027862549579588,0.01305984075756481,1000,0.05500000000000001
618,5,5,5.013554119550862,4.996661460261813,0.01275073132538481,0.012855358625631499,1000,0.05500000000000001
619,5,5,4.980059135170634,5.00230733683491,0.01269059124055489,0.012735342435934537,1000,0.05500000000000001
620,5,5,5.015602231535518,5.004840716452762,0.013034056276422656,0.012981391267648112,1000,0.05500000000000001
621,5,5,4.998048391612913,4.993402361512615,0.013715398270365465,0.013451872275665933,1000,0.05500000000000001
622,5,5,5.012023884796929,4.9892209276738715,0.014278978104342513,0.014402232978907446,1000,0.05500000000000001
623,5,5,5.003266031296691,5.000998330237447,0.013181912607151689,0.01300782793990359,1000,0.05500000000000001
624,5,5,5.0054955594918376,5.0022914693217695,0.013037442640555962,0.013051954931002762,1000,0.05500000000000001
625,5,5,5.0002858494771445,4.995664532728155,0.015007301552458887,0.014777631135084396,1000,0.05500000000000001
626,5,5,4.991233912207275,4.99605465779389,0.01321643407008458,0.012938969970487095,1000,0.05500000000000001
627,5,5,4.970425754521557,5.021511632235836,0.012605008715645384,0.012542854500975526,1000,0.05500000000000001
628,5,5,5.008283918099033,4.993989318654253,0.012840093693140297,0.012990468974349354,1000,0.05500000000000001
629,5,5,4.997919355099262,5.018617209881547,0.013843472365445074,0.013951321895303388,1000,0.05500000000000001
630,5,5,4.989933652017204,5.031341992933355,0.014182943118436358,0.014203255543080757,1000,0.05500000000000001
631,5,5,4.985084894288213,4.999525014054013,0.013566659110258825,0.013751179275227518,1000,0.05500000000000001
632,5,5,4.982342297454159,5.012141129245923,0.013876177581977985,0.013899372851591742,1000,0.05500000000000001
633,5,5,5.005888484309591,4.99747018688676,0.013063354769880365,0.013105124071531164,1000,0.05500000000000001
634,5,5,4.999420796600331,5.007896146671322,0.013052726777399087,0.013060253781173328,1000,0.05500000000000001
635,5,5,4.970666164588266,5.017851961005216,0.0138524574760782,0.013990501566630004,1000,0.05500000000000001
636,5,5,5.002376048424787,4.996316472504732,0.01362847368209174,0.013401086705518157,1000,0.05500000000000001
637,5,5,4.996634146173204,5.030734725515814,0.014238992520238494,0.014417160397588306,1000,0.05500000000000001
638,5,5,5.014405293531516,4.973131597811176,0.014625861240440284,0.01466905035280388,1000,0.05500000000000001
639,5,5,5.015743291923746,5.005258672633391,0.01380215964039372,0.0139027470110895,1000,0.05500000000000001
640,5,5,4.976881966263565,4.971288351451461,0.013637342011564952,0.01360669326056133,1000,0.05500000000000001
641,5,5,5.005156615847556,5.018630170524817,0.013756393565150944,0.013810580549374023,1000,0.05500000000000001
642,5,5,4.973839782251478,4.99088546917095,0.01341219876590881,0.013477730672389167,1000,0.05500000000000001
643,5,5,5.009884262336524,5.008003402874767,0.012697057152888666,0.012710527781817327,1000,0.05500000000000001
644,5,5,5.0147758996447545,4.988396354064741,0.012573841640037676,0.012411355407475014,1000,0.05500000000000001
645,5,5,4.9638079886172015,4.993877719984593,0.013149988493886032,0.013148828104318928,1000,0.05500000000000001
646,5,5,5.004606287228247,5.0055214992916826,0.015459269887496796,0.015459217184458054,1000,0.05500000000000001
647,5,5,4.979031843667443,4.991929744006408,0.013781083020731284,0.013891325059442313,1000,0.05500000000000001
648,5,5,5.027259692916098,4.97776797529402,0.013591946767587815,0.013547542792307537,1000,0.05500000000000001
649,5,5,5.008886575380735,5.002268716153616,0.01447055388290987,0.014581391001703813,1000,0.05500000000000001
650,5,5,4.972274462279356,4.982703150601642,0.014250127512790207,0.014093370068922603,1000,0.05500000000000001
651,5,5,4.996830600368344,4.997002164273683,0.014350415386894296,0.014377120498127238,1000,0.05500000000000001
652,5,5,5.008102451187049,4.990093493246708,0.013171669098409989,0.013191161782592399,1000,0.05500000000000001
653,5,5,4.9691641242235844,4.989768712154135,0.013599227590369037,0.01351013277698234,1000,0.05500000000000001
654,5,5,4.992494674959812,4.989275126545984,0.013541932437550065,0.013284270624288684,1000,0.05500000000000001
655,5,5,4.9947952816124275,4.99451894373092,0.013778489581474629,0.013887393842152328,1000,0.05500000000000001
656,5,5,5.016170691300706,5.011596419349055,0.013605531029423629,0.013538467717942891,1000,0.05500000000000001
657,5,5,5.006355121239231,4.991803732877643,0.013122342749604641,0.013088791004074379,1000,0.05500000000000001
658,5,5,4.986211350891043,4.995973320651001,0.014629508195356418,0.014948589442445426,1000,0.05500000000000001
659,5,5,4.981348537607606,4.99548697156762,0.013869878436133293,0.013996500252347199,1000,0.05500000000000001
660,5,5,4.987814524938818,5.007023554070187,0.01385004181037713,0.013751686911070773,1000,0.05500000000000001
661,5,5,4.9999599797411065,5.008865456721254,0.0141945579533307,0.014217409006730252,1000,0.05500000000000001
662,5,5,4.983625111556153,4.998940713694689,0.014425267856203338,0.01443323371665444,1000,0.05500000000000001
663,5,5,5.014614490299932,4.989230776381984,0.013573935189546861,0.013473795303734451,1000,0.05500000000000001
664,5,5,5.002745289884294,4.999961810917164,0.013758348299468967,0.013706297901584574,1000,0.05500000000000001
665,5,5,4.9868629223840335,4.974536946489836,0.01380566567756052,0.013700913064697832,1000,0.05500000000000001
666,5,5,5.000987226779513,4.991937445926752,0.014122963802366825,0.014046321624607257,1000,0.05500000000000001
667,5,5,5.000600677128245,5.01340117502677,0.012945433153964627,0.012741587545673774,1000,0.05500000000000001
668,5,5,4.993114245435318,4.998711521332764,0.013309795217249676,0.013270411234182378,1000,0.05500000000000001
669,5,5,5.0033217954428775,5.004333694579285,0.014879789454319756,0.01479330604632319,1000,0.05500000000000001
670,5,5,5.011399451282323,4.990979835379991,0.014208839063898663,0.014225697395768006,1000,0.05500000000000001
671,5,5,5.015248650180997,5.001052940996173,0.01303354449596402,0.013101107443537029,1000,0.05500000000000001
672,5,5,5.021124682636676,5.003040597644913,0.012887708303457028,0.012841295909445093,1000,0.05500000000000001
673,5,5,4.990973190218793,5.010865303806531,0.012926548014017724,0.013189995953152248,1000,0.05500000000000001
674,5,5,4.993032900268237,5.003349664063586,0.014020641640420115,0.013835442973430055,1000,0.05500000000000001
675,5,5,5.017334911941639,4.969391870783882,0.01356226263945554,0.013430069869037565,1000,0.05500000000000001
676,5,5,5.00593264063717,4.998318983266208,0.014024478458686577,0.014010003420802152,1000,0.05500000000000001
677,5,5,4.974368701456741,4.995266601541166,0.01318401282107374,0.01330712625883718,1000,0.05500000000000001
678,5,5,5.004554011383341,4.992671424601317,0.012587026233651946,0.01265799389706424,1000,0.05500000000000001
679,5,5,4.991812534063408,5.007402157574422,0.012972481454437614,0.012966095267294545,1000,0.05500000000000001
680,5,5,4.9936126326345605,4.98855258141967,0.013784803189381703,0.013847700776856917,1000,0.05500000000000001
681,5,5,5.012521546339025,5.0101061695771,0.014287522044897086,0.014247898658689287,1000,0.05500000000000001
682,5,5,5.009138259999928,4.965436832988691,0.013428788379822578,0.013419477842880839,1000,0.05500000000000001
683,5,5,4.977831820980278,5.016305754758638,0.013658024297648657,0.013681309500634353,1000,0.05500000000000001
684,5,5,4.993148364442292,5.007118075617163,0.01367447836684272,0.01396719137522466,1000,0.05500000000000001
685,5,5,4.997453982148911,5.014570450829113,0.013414116336291568,0.013287072762450301,1000,0.05500000000000001
686,5,5,5.003088555460577,4.99626414289266,0.014614765233708698,0.014837012054868348,1000,0.05500000000000001
687,5,5,4.986702267480972,5.003829669664009,0.014896416644903572,0.014744798433839796,1000,0.05500000000000001
688,5,5,5.017015860479634,4.980938990583882,0.012063859293502111,0.012367962674348254,1000,0.05500000000000001
689,5,5,4.988464678075947,5.0000078587869385,0.012971906849671016,0.012817024949079657,1000,0.05500000000000001
690,5,5,4.989069865639121,5.042834811052966,0.01501776822553195,0.015153675353307425,1000,0.05500000000000001
691,5,5,4.971656822231308,5.013448677596586,0.01413572638311413,0.014045386803624287,1000,0.05500000000000001
692,5,5,5.0003187729190275,4.98307187239385,0.014532626835645199,0.014358762537473608,1000,0.05500000000000001
693,5,5,4.992490622586948,5.008902920171107,0.014164826625441976,0.014176551372979875,1000,0.05500000000000001
694,5,5,5.000091160930625,4.9868594963353905,0.014144230388106756,0.014224808239630854,1000,0.05500000000000001
695,5,5,4.990489703692507,4.973281372572537,0.014537886457311675,0.014606652969058836,1000,0.05500000000000001
696,5,5,5.001016724697753,4.994710747796154,0.014454823668807225,0.01439676504993624,1000,0.05500000000000001
697,5,5,5.001665643268376,5.007203070139981,0.01326178903696963,0.013131406288199058,1000,0.05500000000000001
698,5,5,5.027371402754142,5.0079263068516475,0.014070755867986437,0.014294478467751615,1000,0.05500000000000001
699,5,5,5.003863335624796,4.995118211616957,0.013546632257894082,0.013549778677426627,1000,0.05500000000000001
700,5,5,5.009877380516548,5.0051955548064395,0.017634771086367438,0.0181889224080783,1000,0.04
701,5,5,5.01111436528597,4.964302693193312,0.017349653792871615,0.017345817677895607,1000,0.04
702,5,5,5.009879962977086,5.006804353546952,0.01827091680688343,0.01818490049932675,1000,0.04
703,5,5,5.010044488126317,5.020938791749496,0.02049208677124442,0.020913079659849773,1000,0.04
704,5,5,5.022244563466607,5.003670533076995,0.019044211755130127,0.01930775400294099,1000,0.04
705,5,5,4.99503907482647,4.9917756438301675,0.01692933870560093,0.01671771717537111,1000,0.04
706,5,5,4.995204879860753,5.017042926269436,0.018848505314853273,0.018384903784758974,1000,0.04
707,5,5,5.018440361794902,4.99414370388664,0.018979298041228443,0.01886386020982083,1000,0.04
708,5,5,5.01414537739353,4.99350599885978,0.017341137537825273,0.017188013168992357,1000,0.04
709,5,5,4.960505647888289,4.98917865637066,0.018791085732637637,0.01883337553845761,1000,0.04
710,5,5,4.99652288049609,4.9915966004642645,0.019635469993576862,0.01991327828525197,1000,0.04
711,5,5,4.999832857643998,4.991268554593172,0.017111151523493105,0.0172214731651364,1000,0.04
712,5,5,4.990766874094108,4.984481891344231,0.018189945265585393,0.018321560557993628,1000,0.04
713,5,5,5.0221637345801975,4.9810666025046615,0.01991599654418742,0.01990421760599712,1000,0.04
714,5,5,4.982632199300151,4.960286516123715,0.016757977625325157,0.016764139664711374,1000,0.04
715,5,5,5.00017143072103,5.020466631182711,0.019917152114838348,0.019995056117909176,1000,0.04
716,5,5,4.9894346834656655,4.965306288934789,0.01868331504145006,0.018727277669055045,1000,0.04
717,5,5,5.006104788804279,5.030655712668508,0.01884027177616689,0.018741903484747326,1000,0.04
718,5,5,4.986850764044039,5.011003886077063,0.0199219511326186,0.01989575582995813,1000,0.04
719,5,5,5.001840222155732,5.007349849719319,0.019320532300437652,0.01913219261947976,1000,0.04
720,5,5,4.9796042836800325,4.998156186108016,0.019118073190206995,0.018749069516818772,1000,0.04
721,5,5,4.98102895416704,4.983451512833721,0.015669503864386664,0.015710959224989652,1000,0.04
722,5,5,4.980854109826387,5.03182871948813,0.018112108827559825,0.01793774799531807,1000,0.04
723,5,5,4.986997013785604,5.012348321509762,0.01778493916550084,0.017957005019032093,1000,0.04
724,5,5,4.9928636524614785,5.038037802138552,0.020063348938144345,0.019981843234262414,1000,0.04
725,5,5,5.02157931772327,5.023640697644861,0.01776563470726,0.017742904492357128,1000,0.04
726,5,5,4.981778860156746,4.97791062704919,0.01720547536365402,0.01750303513148934,1000,0.04
727,5,5,5.015055385852743,4.992720544643608,0.01845913018629433,0.01856350039571626,1000,0.04
728,5,5,4.991977883341238,4.991564017309408,0.017923476692558817,0.018139733486730696,1000,0.04
729,5,5,5.002826913585428,4.994286247739817,0.01938061103983687,0.019439292855171986,1000,0.04
730,5,5,4.999117254633729,4.9992927277463695,0.017776078001648765,0.017912679280468358,1000,0.04
731,5,5,4.977367928034219,5.0000745127111355,0.016335734002507058,0.01616316067806547,1000,0.04
732,5,5,5.019350428770733,5.0045484765113395,0.017967876782647,0.01799614201500006,1000,0.04
733,5,5,4.965643609794158,4.982702974311809,0.017927004532989326,0.01810053316458134,1000,0.04
734,5,5,5.001668548824282,4.993246644974473,0.018103142290398288,0.018051795748938837,1000,0.04
735,5,5,5.014440935702509,4.975976252919573,0.018190397123359167,0.01819037877331305,1000,0.04
736,5,5,4.989314660205897,4.99740932862836,0.018109693434568357,0.018151478507224112,1000,0.04
737,5,5,4.981675192958057,5.023133785540992,0.018509350469466394,0.018666061716848845,1000,0.04
738,5,5,4.983528849926456,4.986797238309093,0.018030832241715363,0.01795506005178198,1000,0.04
739,5,5,5.01416751001599,4.979771441565287,0.018707717548915245,0.01863241954570143,1000,0.04
740,5,5,5.006674013688274,5.019838398271526,0.02030293614672832,0.020028272288509515,1000,0.04
741,5,5,5.012877232427471,4.960344425924151,0.018910489167310654,0.0188839234833134,1000,0.04
742,5,5,5.004039045554975,4.992156627063408,0.016278085280509787,0.016380978146010083,1000,0.04
743,5,5,4.9994597215467795,5.006337629986433,0.01936155280480336,0.019525725067596325,1000,0.04
744,5,5,4.9987515239361135,5.012287383637488,0.017762092492315203,0.017725671919185573,1000,0.04
745,5,5,4.992033609412693,4.99263148776312,0.01829265259636666,0.018226086179001556,1000,0.04
746,5,5,4.989220037206472,5.017562644351486,0.019908178868268078,0.02011125474642912,1000,0.04
747,5,5,5.012715617114096,5.008253927040389,0.018605134345459618,0.018509681097747543,1000,0.04
748,5,5,4.96565403442345,5.017993079760998,0.018357319791424943,0.018221700656331993,1000,0.04
749,5,5,5.026899008797701,5.002175882515537,0.016475465883838792,0.016564824815545897,1000,0.04
750,5,5,4.991554724391912,4.999696840174561,0.019414697648225444,0.019106934930158588,1000,0.04
751,5,5,4.994237904785963,4.98947261149928,0.019256442700103467,0.01903200018589354,1000,0.04
752,5,5,5.016538561092713,4.999059825930374,0.019605432951123686,0.019613256945978923,1000,0.04
753,5,5,5.005492570685824,4.9941680468574186,0.018918941352433657,0.018902334156556927,1000,0.04
754,5,5,4.993333990548862,5.015373392946909,0.017125143473690266,0.017382499666485706,1000,0.04
755,5,5,4.991756924140027,5.000046054255012,0.019118147850528018,0.019086510951198944,1000,0.04
756,5,5,5.0040048150144,5.000461396928844,0.020348135908651196,0.02056066536290893,1000,0.04
757,5,5,4.982159152232072,4.969664574182017,0.017825273663503872,0.01796502912002027,1000,0.04
758,5,5,5.0014499326843085,4.990437626073816,0.02117661705045915,0.020940841604899674,1000,0.04
759,5,5,5.027969564641623,5.004993220255429,0.019237997735432825,0.019187596614286245,1000,0.04
760,5,5,5.016601630255722,5.032550894939848,0.01761559016382062,0.017586985789926204,1000,0.04
761,5,5,4.997164663252544,4.999314372453055,0.018671653615690703,0.01878461609598189,1000,0.04
762,5,5,5.005121272904635,4.983235503534048,0.019774697004586762,0.019843122153508752,1000,0.04
763,5,5,5.024190289115866,5.004544635975548,0.018790437204200684,0.018710881508412047,1000,0.04
764,5,5,4.983926911976397,4.978665895231486,0.02039497917483941,0.020295660105834952,1000,0.04
765,5,5,4.986785665792226,5.025989483444546,0.019003251713779343,0.018744395828964228,1000,0.04
766,5,5,5.009590020916717,4.980515084469404,0.01902360656419472,0.019017839066679202,1000,0.04
767,5,5,4.975546897515808,5.0001580909726915,0.018811776044470513,0.018968852866122498,1000,0.04
768,5,5,4.996186578969188,4.998363113179217,0.017210450627245414,0.017208154083100804,1000,0.04
769,5,5,4.985384807099655,4.998157187251622,0.016953433902027554,0.017014373422470266,1000,0.04
770,5,5,5.034519381754715,5.010809862558125,0.019886252502073393,0.019957683295799555,1000,0.04
771,5,5,5.016884091953005,4.996723275866149,0.02044126359110247,0.020607749158340755,1000,0.04
772,5,5,4.97510232279553,5.009846033825717,0.018685238410938176,0.01900002072103925,1000,0.04
773,5,5,4.9782940768041275,4.991706145970656,0.016696684663329266,0.01630563692759512,1000,0.04
774,5,5,5.001499825354933,5.010521866395446,0.018860007965234567,0.018755319005623133,1000,0.04
775,5,5,4.994185204158895,5.004626806783379,0.01696760449745177,0.01700679076350405,1000,0.04
776,5,5,4.992168002713749,5.000408070374728,0.019260012048249064,0.019338966108220303,1000,0.04
777,5,5,4.983902017388196,4.986770602239478,0.01941191016391479,0.019761083497595488,1000,0.04
778,5,5,4.99017973840774,4.998916055142016,0.018308193025451863,0.01815658892089366,1000,0.04
779,5,5,4.992420977785653,5.000774710682355,0.01905322891292843,0.018735923397809016,1000,0.04
780,5,5,5.010794681162019,5.0123320223366505,0.019760551586452246,0.01966294422139435,1000,0.04
781,5,5,5.012672065994742,4.993815677567772,0.020144210571455427,0.020192907475913766,1000,0.04
782,5,5,5.0539818660634115,4.960896691154808,0.018145434895810126,0.017846101517019708,1000,0.04
783,5,5,5.003917589131012,5.01156884560259,0.0175439641438598,0.01771469043297783,1000,0.04
784,5,5,4.998823045890372,4.998626430274798,0.01893815802629456,0.019210538003844892,1000,0.04
785,5,5,5.0213193990696645,5.006651134550012,0.019080865212715046,0.01914726198223871,1000,0.04
786,5,5,5.0233881110565575,4.982856403029748,0.0189385114141619,0.0191267585391882,1000,0.04
787,5,5,5.0282165617902805,5.033931416506584,0.017717635401575494,0.01754889537548589,1000,0.04
788,5,5,5.013522998122859,5.006359539256105,0.019208934335397273,0.019468697750886787,1000,0.04
789,5,5,5.011701267881496,5.011758270453092,0.019872314223908165,0.01977427895088578,1000,0.04
790,5,5,4.998075820010559,4.994764180996227,0.019892180079475248,0.0199641348694007,1000,0.04
791,5,5,4.9922750827827125,5.021836767324353,0.019863466237500703,0.020173742286400547,1000,0.04
792,5,5,4.995110165985986,4.996210339477611,0.017464376537417763,0.01730741543481618,1000,0.04
793,5,5,5.005630047790584,4.975886846394321,0.017307095539699738,0.017188768197858834,1000,0.04
794,5,5,4.980284534476778,4.99067445373007,0.018780155017030262,0.01849498874572764,1000,0.04
795,5,5,4.996819646290411,4.996395054461088,0.01850216957069627,0.018449821389250918,1000,0.04
796,5,5,5.039707830296587,5.007253731253916,0.01885789002986249,0.018680926428729355,1000,0.04
797,5,5,5.016571035131342,4.9731154380115745,0.019199143368059425,0.019329002484004886,1000,0.04
798,5,5,5.00549240385795,5.011321910662117,0.017632132378139924,0.01800717940254443,1000,0.04
799,5,5,4.993821599219504,4.971376331136384,0.01868603898121722,0.01886505032096776,1000,0.04
800,5,5,4.929579016352667,5.032138936262844,0.028518957068385076,0.028874684507623424,1000,0.025
801,5,5,4.991467211677811,5.005407069256603,0.030697766964160714,0.030699246725846126,1000,0.025
802,5,5,5.043549075697181,5.035107826347603,0.029917870598070315,0.029921956170415123,1000,0.025
803,5,5,5.012851772728162,5.0088921598071705,0.031118774883326185,0.030745552553001283,1000,0.025
804,5,5,5.002382589117625,4.978930351277875,0.02919178996295619,0.02936603344363199,1000,0.025
805,5,5,5.045092458849784,5.060554487893002,0.028348203549132367,0.02842663368516742,1000,0.025
806,5,5,5.023415273689285,5.057039632643546,0.03201991343924086,0.0325931163929635,1000,0.025
807,5,5,5.018718237596968,5.036789151865883,0.030235644687271166,0.030162857236015677,1000,0.025
808,5,5,5.034797805617033,5.000946654926093,0.031552294580089034,0.03156329342304767,1000,0.025
809,5,5,5.002238671988158,5.01373520982364,0.03159581703205003,0.03130880421796412,1000,0.025
810,5,5,4.968821235247461,4.993068522662117,0.02765709454975456,0.027596780136137696,1000,0.025
811,5,5,5.029229243624595,4.995712574535866,0.029073467071383335,0.028570721508044447,1000,0.025
812,5,5,4.99830065824679,4.942899521793318,0.03321800496533572,0.032917985481538334,1000,0.025
813,5,5,4.984784288560966,4.985036617612798,0.027537983835693364,0.027310987419205908,1000,0.025
814,5,5,5.003355123133893,4.988424218083015,0.029040609777875988,0.02906108213238121,1000,0.025
815,5,5,4.983580020746466,5.046335611719032,0.030540164242265126,0.030810861268552987,1000,0.025
816,5,5,5.03266243644348,4.979227021940421,0.02946030668965064,0.02948385827355355,1000,0.025
817,5,5,5.017635998818497,5.022187553502189,0.03007511251702067,0.02999236079830127,1000,0.025
818,5,5,5.011449405070233,5.0099317394584775,0.03176447622918997,0.0316577146068284,1000,0.025
819,5,5,5.030363916005497,5.071184255881662,0.02904491898818555,0.02937391734992262,1000,0.025
820,5,5,4.960756641788187,5.04942594651204,0.033250415620382154,0.03330374160692277,1000,0.025
821,5,5,5.039636873551625,5.001411064952206,0.03349870321353022,0.03307263374298849,1000,0.025
822,5,5,5.008984336432859,4.996948147638227,0.028325224792379873,0.02873919411620764,1000,0.025
823,5,5,4.989502147478424,5.024791550840014,0.03278471141310658,0.03241109732398724,1000,0.025
824,5,5,4.944052048262014,4.988752530654173,0.028865441722868684,0.028906065425087262,1000,0.025
825,5,5,4.975605523559676,4.963614019254707,0.03138961962715558,0.03216721383976367,1000,0.025
826,5,5,4.992374404107496,5.027397862958484,0.0253571042809145,0.025741127602576557,1000,0.025
827,5,5,4.974880488342025,4.995178708112381,0.026537409629255684,0.02671013820186814,1000,0.025
828,5,5,5.017207835585718,5.006237993236397,0.02733582043120125,0.026677107152377425,1000,0.025
829,5,5,5.040356689556308,4.985133485161874,0.03045808921526263,0.03043182462264192,1000,0.025
830,5,5,5.040626156555781,5.026294873788945,0.02848753963007903,0.02856971401907112,1000,0.025
831,5,5,5.024454687772401,4.993520446658277,0.02588417860352432,0.025699671596843235,1000,0.025
832,5,5,4.947571139990861,5.00643468530287,0.029712360797347875,0.02951790055831746,1000,0.025
833,5,5,4.986370900631153,4.9920061319497435,0.030568933463864873,0.030807228940296853,1000,0.025
834,5,5,5.028491202182733,4.9978100138782295,0.02729375741277721,0.027283702586219174,1000,0.025
835,5,5,5.034766202685208,5.023467697673247,0.031020787462592007,0.03084347930177057,1000,0.025
836,5,5,4.9931682947673615,4.995303369709745,0.028836938889580953,0.029073591925142906,1000,0.025
837,5,5,5.025064734186493,4.9767376389639,0.029418076891512237,0.029427553441619424,1000,0.025
838,5,5,4.948569675791728,4.99267708870646,0.028186448281558057,0.028312455991403314,1000,0.025
839,5,5,5.001039244394844,5.0135708674062025,0.03285252784909954,0.03291532992461984,1000,0.025
840,5,5,5.0616922443338765,4.99420004860406,0.031538959816171636,0.031825945666841826,1000,0.025
841,5,5,5.013405487879495,5.018828807667901,0.031041996177837917,0.031077491423930466,1000,0.025
842,5,5,5.011316147995858,4.998325249405627,0.028460963472284256,0.02823994916208499,1000,0.025
843,5,5,5.020639383784978,5.003933283097384,0.02991164525828974,0.029959812842148565,1000,0.025
844,5,5,4.981953834645111,5.058628060539874,0.032707315582900985,0.03304525612289577,1000,0.025
845,5,5,5.019681864789582,4.979129522598127,0.03027236310907971,0.030628225039617388,1000,0.025
846,5,5,5.039363162820151,5.0352805346405205,0.032045877860461446,0.03161728410300189,1000,0.025
847,5,5,4.994867875912487,5.04015713875666,0.03128287396617408,0.031194101818786818,1000,0.025
848,5,5,5.007591397195716,4.976109993408225,0.02669780212318096,0.026975739139436163,1000,0.025
849,5,5,4.987702479677434,5.045208590278879,0.028626879128083853,0.028725414284136084,1000,0.025
850,5,5,4.9659992203547345,5.068692765502963,0.028408946600262247,0.028422033152233166,1000,0.025
851,5,5,4.965941523941486,4.978657662233306,0.03307435359143725,0.0326725851463314,1000,0.025
852,5,5,4.987729828369023,5.041541141300988,0.03128139187210352,0.0309107042727366,1000,0.025
853,5,5,4.961275685956577,5.032590683407046,0.03148634892481711,0.03169326681605685,1000,0.025
854,5,5,4.959230330424714,4.971635383848097,0.028187593456271854,0.028281308531180285,1000,0.025
855,5,5,4.973280551217236,5.038809874422237,0.030088499536788396,0.030032015776656873,1000,0.025
856,5,5,4.972641293883805,4.962361644285258,0.030689470578042687,0.031122614035080615,1000,0.025
857,5,5,5.026582086806636,5.005513456634513,0.029488158094430693,0.029127902912807847,1000,0.025
858,5,5,5.012775756690523,4.950697508102273,0.03105857622975193,0.030934960418194678,1000,0.025
859,5,5,5.0077876326220805,5.010864087768402,0.02673440591606549,0.026429434595573675,1000,0.025
860,5,5,4.983548184233143,5.023309447074242,0.03189077138164459,0.03190031965425427,1000,0.025
861,5,5,5.0177977069604545,5.049104488237038,0.030194097210747065,0.030276479304832554,1000,0.025
862,5,5,5.012810739589591,5.015622833312362,0.03365116075513206,0.03335921790467874,1000,0.025
863,5,5,5.024464720599738,5.044704526670663,0.02796705648950235,0.027936187495532106,1000,0.025
864,5,5,5.013241175896573,5.0064758920403944,0.025548994138230283,0.025551928703087846,1000,0.025
865,5,5,4.977076700346924,5.000227148621453,0.031104117543905494,0.031038240655256386,1000,0.025
866,5,5,4.969695248587028,4.999383500698972,0.028687213747536747,0.02873787811420527,1000,0.025
867,5,5,5.0234589412498,4.99158072286,0.032270168803664775,0.032474855559626106,1000,0.025
868,5,5,5.051667147667136,4.993201284434888,0.030680351479562985,0.030845594905268284,1000,0.025
869,5,5,4.991397615816642,4.992443338016824,0.02992880447253108,0.030151052422285298,1000,0.025
870,5,5,5.0397399400835035,4.989218530388872,0.02700258071474579,0.027022345139958947,1000,0.025
871,5,5,4.990692109419386,5.015960192751706,0.027345536694192242,0.027492327348292704,1000,0.025
872,5,5,4.975539711959196,5.022268893462939,0.02832782926333806,0.028077794613066347,1000,0.025
873,5,5,5.027106753164427,4.968433160509199,0.03206950712265684,0.03197272142825666,1000,0.025
874,5,5,4.9722878338959795,5.00828545750551,0.026843066709730048,0.026733216891036984,1000,0.025
875,5,5,5.058745767590167,4.9925514833427895,0.030722813484766326,0.03068722127519602,1000,0.025
876,5,5,4.985111800312989,4.964836200340803,0.028191434545847355,0.0287472831564296,1000,0.025
877,5,5,4.98377831438689,4.964133566965732,0.029240279765394925,0.029351290869973738,1000,0.025
878,5,5,4.985884327514227,4.985348529473551,0.026356541862606525,0.02691626522884049,1000,0.025
879,5,5,4.95904755434097,5.030810516280373,0.03128208634642841,0.03171420125483361,1000,0.025
880,5,5,4.950713709742837,4.982300161488138,0.02970235559437191,0.029924036489235303,1000,0.025
881,5,5,4.982477062846194,4.975091306089406,0.027254347433035942,0.027028452977530065,1000,0.025
882,5,5,5.011242480098015,5.035908928012079,0.02833878733024447,0.027837918138339638,1000,0.025
883,5,5,5.049951837654249,5.016702436188985,0.027866702057314407,0.0273841101441449,1000,0.025
884,5,5,4.982645006295213,5.000695778558562,0.030209859915098364,0.0302020511045793,1000,0.025
885,5,5,4.967961295363225,5.001244279271401,0.032959383587473585,0.033085577077066164,1000,0.025
886,5,5,4.982057602983515,5.022235695330215,0.03168409073461601,0.031462935788873395,1000,0.025
887,5,5,5.011556139973444,5.063619386755102,0.029051833408683496,0.029212873333148034,1000,0.025
888,5,5,4.997443084140229,5.029049834316926,0.028821572832225324,0.028826052762424396,1000,0.025
889,5,5,5.01232600895682,4.966111946260315,0.029365793401131827,0.029521103843061215,1000,0.025
890,5,5,5.033837602242748,5.0089060978212885,0.030299319666873735,0.03041222337224553,1000,0.025
891,5,5,5.022833996607349,5.035022232248006,0.027848552393725575,0.027637143771072587,1000,0.025
892,5,5,4.931107461155592,5.021733110808336,0.030260207040580068,0.029888807211957982,1000,0.025
893,5,5,4.983720932363332,4.973957775617744,0.03257865917283927,0.033286795789570923,1000,0.025
894,5,5,5.025742468677996,5.011926483921207,0.03028454743191504,0.030048562198178697,1000,0.025
895,5,5,5.027768404701733,5.0215513756338055,0.03127633522998073,0.031131073682922342,1000,0.025
896,5,5,5.061853834925919,4.975628565044799,0.026343285018529165,0.02652241071606249,1000,0.025
897,5,5,5.024330934814811,4.97791230687454,0.029376330510597216,0.029383944354279747,1000,0.025
898,5,5,5.007016602488447,4.984814822725943,0.030505943625495028,0.03035228461264672,1000,0.025
899,5,5,5.026002185467353,5.026838528258023,0.02918298234123167,0.029263350237373868,1000,0.025
900,5,5,4.832055844838675,5.117637157095623,0.07093786447106486,0.07069199026011146,1000,0.01
901,5,5,4.930909117271697,4.965507854097629,0.0783670193536127,0.07853195326812393,1000,0.01
902,5,5,4.934137118809028,4.85602010843856,0.07376242470286438,0.07508304648885439,1000,0.01
903,5,5,4.9998263560903595,5.067267045323393,0.08624503858555747,0.08521270819560256,1000,0.01
904,5,5,4.896345028044311,4.929155808383068,0.06135017935995602,0.06073103772606441,1000,0.01
905,5,5,4.995213846003203,5.021890078426591,0.06933523357634769,0.0698819978657994,1000,0.01
906,5,5,4.913522869820117,4.984877009864085,0.07862952713806495,0.07751415930764609,1000,0.01
907,5,5,4.995283519917431,5.101147535469018,0.07410110356068929,0.0746495026132882,1000,0.01
908,5,5,5.015167278867434,5.086084724519062,0.06072658618919025,0.06052664319392496,1000,0.01
909,5,5,5.007818355082873,4.987823577071618,0.07375192534162286,0.07425801458478126,1000,0.01
910,5,5,4.902385578422878,4.889599444298175,0.07162341344258413,0.07177980235524531,1000,0.01
911,5,5,5.041511622826281,5.051779169036674,0.0740703397362284,0.07362121730927933,1000,0.01
912,5,5,5.011042369931747,5.075451863283008,0.06524661849632589,0.06512283291003383,1000,0.01
913,5,5,5.136531008899896,5.003917268589122,0.07710408794500404,0.07651811897500602,1000,0.01
914,5,5,4.92912439717807,4.934680443609289,0.06757053857155434,0.06637533917587728,1000,0.01
915,5,5,5.007699969338511,5.036941900714848,0.08349988204396533,0.08245882308460807,1000,0.01
916,5,5,4.8994877635453395,5.030639094715666,0.07450563280281407,0.07505925299446264,1000,0.01
917,5,5,4.986136536388324,5.080397099467352,0.06692355761328855,0.06717677877227492,1000,0.01
918,5,5,4.9560997208155175,5.073648658932474,0.07092978351444386,0.07134988279218159,1000,0.01
919,5,5,5.151305231657333,4.9835613021254765,0.06942704956949797,0.06836170120547949,1000,0.01
920,5,5,4.985090431198685,5.088021647254312,0.06791818139056904,0.06785860561339742,1000,0.01
921,5,5,4.814316624736857,5.0436287913665305,0.07916170140286496,0.07782970677505655,1000,0.01
922,5,5,5.045921273345214,4.992523313999108,0.06133315581185848,0.062275132366107655,1000,0.01
923,5,5,5.066292752910159,4.863656636849666,0.07332287951674618,0.07365994064557142,1000,0.01
924,5,5,4.962118032930651,4.94513805469033,0.07983437039522782,0.07981227988430721,1000,0.01
925,5,5,4.866481109073375,5.040214357251797,0.07370651865331415,0.07320773597578452,1000,0.01
926,5,5,5.070064043149087,4.879558505224579,0.06112564986474999,0.06076842275448416,1000,0.01
927,5,5,4.905080914594689,5.070456401176892,0.07580865541461368,0.07670997741951467,1000,0.01
928,5,5,5.113322986330362,4.937877911727297,0.07152725901653317,0.07065562861249058,1000,0.01
929,5,5,4.992756424774464,5.0521959115429675,0.06134425546199224,0.06093635174985418,1000,0.01
930,5,5,4.842332601096804,4.879111805273154,0.0788623202694487,0.07836048856723221,1000,0.01
931,5,5,4.9396797514428,5.045550650224698,0.07314794666519649,0.07350557823188268,1000,0.01
932,5,5,4.9368073093960945,4.932126315164537,0.07552770732244907,0.07550529150130726,1000,0.01
933,5,5,5.152516675029455,4.991796798549034,0.09142856149736552,0.09088288765708606,1000,0.01
934,5,5,5.180473324247208,5.059291184079114,0.08924873079061348,0.08739384171578445,1000,0.01
935,5,5,4.980805008404294,4.876045424356843,0.07474705775707195,0.07498542350782986,1000,0.01
936,5,5,5.0888564664488465,4.941111773298677,0.07347017571063012,0.07314867463309348,1000,0.01
937,5,5,4.969688538187799,4.997695454868,0.069514263426252,0.06976721934004647,1000,0.01
938,5,5,5.126827204900442,4.924603795519471,0.07933034039329714,0.07920055994986999,1000,0.01
939,5,5,4.98683183685519,4.828592634416938,0.07341732298504265,0.07629465746053427,1000,0.01
940,5,5,5.048769337429469,4.947327596137933,0.08500948403485266,0.08363539017444703,1000,0.01
941,5,5,4.9349766025592565,5.110098268038715,0.0736010149813461,0.07477794110663995,1000,0.01
942,5,5,5.085007081231598,5.025397146324035,0.08813138584724915,0.08767297616866115,1000,0.01
943,5,5,4.9921058969951,5.07794831073507,0.05943695035405356,0.059872763768399895,1000,0.01
944,5,5,5.017857954166178,5.004289531563285,0.05953284920188935,0.05887533200687672,1000,0.01
945,5,5,4.932313358568498,5.009912127648578,0.0724965106895373,0.07058884310210961,1000,0.01
946,5,5,5.090062009630696,5.004346558509176,0.08181485188705429,0.08200155296354478,1000,0.01
947,5,5,5.123138032512138,5.032580867937032,0.07910653232819695,0.07708684715349451,1000,0.01
948,5,5,4.936020664417767,4.9496072856368185,0.08022892551974609,0.07969911887638073,1000,0.01
949,5,5,4.894228236571058,4.976357256612867,0.08124723959266615,0.08074352269063427,1000,0.01
950,5,5,5.001583183768494,5.049749151097058,0.07760843090370773,0.0769672148188448,1000,0.01
951,5,5,4.956868365902323,5.065011776787617,0.08236890965200348,0.08170111057738536,1000,0.01
952,5,5,5.1357383519967845,5.01242370797136,0.061225044543244796,0.06259228053128753,1000,0.01
953,5,5,5.042085411822395,4.992552761414925,0.06781119376441853,0.06859676273810032,1000,0.01
954,5,5,5.032811313886306,5.112949788128647,0.08439427544500687,0.08468711680332477,1000,0.01
955,5,5,5.048476969033801,5.0554617555630665,0.07362216992839198,0.07319902194439737,1000,0.01
956,5,5,4.967244732323473,5.100935763005944,0.06477359548018269,0.06561410731711963,1000,0.01
957,5,5,4.930857618325497,4.992936975245599,0.0775262232629165,0.07719837655290068,1000,0.01
958,5,5,5.046829460921876,5.012079735870501,0.08290096238092994,0.08270625603533316,1000,0.01
959,5,5,4.980663942831815,5.0075647762244895,0.0747803471877981,0.07577919161172339,1000,0.01
960,5,5,4.987313239016016,5.0263816438727265,0.0818497103090121,0.08152434134836073,1000,0.01
961,5,5,5.057186984401407,4.906148163202628,0.06550660052516237,0.06588167062335425,1000,0.01
962,5,5,4.961644060441478,5.040363583270985,0.0733314957516895,0.07458407782420125,1000,0.01
963,5,5,5.022293671893915,5.066953672031122,0.08280981292319067,0.08312314645755917,1000,0.01
964,5,5,4.86012862267268,5.034422659810396,0.07189585994115169,0.07078740846703628,1000,0.01
965,5,5,4.824845292799122,5.140555141699441,0.08240401236020656,0.08176879968934156,1000,0.01
966,5,5,5.021360045605629,5.073113175774113,0.06401641950696686,0.06410277914174,1000,0.01
967,5,5,5.021688410485934,4.923976657118763,0.07779842141066372,0.07833695937027584,1000,0.01
968,5,5,4.95561156082448,4.941868895337364,0.07410884870848801,0.07231544238961164,1000,0.01
969,5,5,5.060742926271146,4.939116464629416,0.08512518211099596,0.08536479444155974,1000,0.01
970,5,5,4.96674860269295,5.044693036063321,0.0786190259260397,0.07704332009450982,1000,0.01
971,5,5,5.026895572293241,4.953645489580263,0.07652058080210211,0.07608709677392403,1000,0.01
972,5,5,5.019899536562403,4.971094709002812,0.08018851827656673,0.08109837964802617,1000,0.01
973,5,5,5.029070398213313,4.986057497988639,0.07025886624496909,0.0717689679666539,1000,0.01
974,5,5,4.946073147917822,4.896078055797542,0.08455498654654979,0.0847658983024847,1000,0.01
975,5,5,4.958336157532804,5.0297330086937695,0.07139274516000878,0.07042414459658008,1000,0.01
976,5,5,5.00532545037835,4.963935043631836,0.06793106013772923,0.06778937066782924,1000,0.01
977,5,5,5.021827708756799,5.041208499714127,0.08827878371270108,0.08763939038065145,1000,0.01
978,5,5,5.024917532275406,5.08679118223447,0.08226851976063253,0.08525778249094385,1000,0.01
979,5,5,5.033458529256553,4.9702398468874325,0.07331580971526358,0.07313414305391407,1000,0.01
980,5,5,4.989383399898255,5.04608918223259,0.07375750853017998,0.07358330595672062,1000,0.01
981,5,5,5.141010948270031,5.038179150380723,0.08723463624779106,0.08709438170420562,1000,0.01
982,5,5,4.852121774315937,4.763820579547245,0.08973130596604603,0.09254676399960106,1000,0.01
983,5,5,4.972130825523409,4.8200392510398045,0.08198772471475496,0.08225929046853236,1000,0.01
984,5,5,5.069485205868154,4.869804854239271,0.06134930891985778,0.062152672511180604,1000,0.01
985,5,5,4.833803829585342,5.108754671036335,0.06102581187898483,0.0607498449438281,1000,0.01
986,5,5,5.003103047284196,4.895070187789217,0.08538768232540238,0.08567495249528924,1000,0.01
987,5,5,4.981582475843554,4.975524176011451,0.07146319530173975,0.07056212473574434,1000,0.01
988,5,5,5.031580525837472,4.951817225875179,0.07508521065698895,0.07433569174393945,1000,0.01
989,5,5,5.032315403043679,5.019155913851735,0.07624752372968352,0.07749881007105838,1000,0.01
990,5,5,4.886649126675706,4.969507212996897,0.07269948074628636,0.0705237834390382,1000,0.01
991,5,5,5.033444594884547,4.993008564957437,0.06629309697871001,0.06667233665495581,1000,0.01
992,5,5,4.953588202754984,4.821925539488526,0.0752082980084725,0.07645746073494845,1000,0.01
993,5,5,4.967543982406069,5.150459057374771,0.07914973158015391,0.07945707867073601,1000,0.01
994,5,5,4.993702942169451,5.015570893561242,0.06919146336081153,0.06891212865101409,1000,0.01
995,5,5,4.968983044040033,4.942991880635512,0.08838119888495055,0.08839913365144685,1000,0.01
996,5,5,4.75488156426532,4.904193949871569,0.08900275889562348,0.08710439599964236,1000,0.01
997,5,5,4.87683129100621,4.874653491650108,0.06649085944212323,0.06636000901338208,1000,0.01
998,5,5,4.931566202768075,5.213732245115374,0.0901885373559333,0.09245191634076876,1000,0.01
999,5,5,4.905500387580135,4.894268494262842,0.07692714329406637,0.0776844053758317,1000,0.01
